UniqueID,SMILES,Energy,Genealogy,smiles,score_type,origin,m_score__min__energy,m_primary,meeko,energy,cluster_rmsd,rmsd,cluster
457,c1ccc2c(c1)CCN(c1nc(N[C@@H]3CC[NH2+]C3)nc(N3CCc4ccccc4C3)n1)C2,71.92138606200417,"c1ccc2c(c1)CCN(c1nc(NC3CC[NH2+]C3)nc(N3CCc4ccccc4C3)n1)C2 (protonated)
c1ccc2c(c1)CCN(c1nc(N[C@@H]3CC[NH2+]C3)nc(N3CCc4ccccc4C3)n1)C2 (chirality)
c1ccc2c(c1)CCN(c1nc(N[C@@H]3CC[NH2+]C3)nc(N3CCc4ccccc4C3)n1)C2 (3D coordinates assigned)
c1ccc2c(c1)CCN(c1nc(N[C@@H]3CC[NH2+]C3)nc(N3CCc4ccccc4C3)n1)C2 (nonaromatic ring conformer: 71.92138606200417 kcal/mol)",c1ccc2c(c1)CCN(c1nc(NC3CCNC3)nc(N3CCc4ccccc4C3)n1)C2,oracle,autodockgpu,-9.7300000000000004,energy,"{""free_energy"": -8.35, ""intermolecular_energy"": -9.54, ""internal_energy"": -1.48, ""cluster_size"": 19, ""cluster_id"": 1, ""rank_in_cluster"": 19}",-9.73,0.0,269.93,1
457,c1ccc2c(c1)CCN(c1nc(N[C@@H]3CC[NH2+]C3)nc(N3CCc4ccccc4C3)n1)C2,71.92138606200417,"c1ccc2c(c1)CCN(c1nc(NC3CC[NH2+]C3)nc(N3CCc4ccccc4C3)n1)C2 (protonated)
c1ccc2c(c1)CCN(c1nc(N[C@@H]3CC[NH2+]C3)nc(N3CCc4ccccc4C3)n1)C2 (chirality)
c1ccc2c(c1)CCN(c1nc(N[C@@H]3CC[NH2+]C3)nc(N3CCc4ccccc4C3)n1)C2 (3D coordinates assigned)
c1ccc2c(c1)CCN(c1nc(N[C@@H]3CC[NH2+]C3)nc(N3CCc4ccccc4C3)n1)C2 (nonaromatic ring conformer: 71.92138606200417 kcal/mol)",c1ccc2c(c1)CCN(c1nc(NC3CCNC3)nc(N3CCc4ccccc4C3)n1)C2,oracle,autodockgpu,-9.7300000000000004,energy,"{""free_energy"": -9.73, ""intermolecular_energy"": -10.92, ""internal_energy"": -1.38, ""cluster_size"": 19, ""cluster_id"": 1, ""rank_in_cluster"": 3}",-9.73,0.04,269.93,1
457,c1ccc2c(c1)CCN(c1nc(N[C@@H]3CC[NH2+]C3)nc(N3CCc4ccccc4C3)n1)C2,71.92138606200417,"c1ccc2c(c1)CCN(c1nc(NC3CC[NH2+]C3)nc(N3CCc4ccccc4C3)n1)C2 (protonated)
c1ccc2c(c1)CCN(c1nc(N[C@@H]3CC[NH2+]C3)nc(N3CCc4ccccc4C3)n1)C2 (chirality)
c1ccc2c(c1)CCN(c1nc(N[C@@H]3CC[NH2+]C3)nc(N3CCc4ccccc4C3)n1)C2 (3D coordinates assigned)
c1ccc2c(c1)CCN(c1nc(N[C@@H]3CC[NH2+]C3)nc(N3CCc4ccccc4C3)n1)C2 (nonaromatic ring conformer: 71.92138606200417 kcal/mol)",c1ccc2c(c1)CCN(c1nc(NC3CCNC3)nc(N3CCc4ccccc4C3)n1)C2,oracle,autodockgpu,-9.7300000000000004,energy,"{""free_energy"": -9.72, ""intermolecular_energy"": -10.91, ""internal_energy"": -1.4, ""cluster_size"": 19, ""cluster_id"": 1, ""rank_in_cluster"": 5}",-9.73,0.16,269.94,1
457,c1ccc2c(c1)CCN(c1nc(N[C@@H]3CC[NH2+]C3)nc(N3CCc4ccccc4C3)n1)C2,71.92138606200417,"c1ccc2c(c1)CCN(c1nc(NC3CC[NH2+]C3)nc(N3CCc4ccccc4C3)n1)C2 (protonated)
c1ccc2c(c1)CCN(c1nc(N[C@@H]3CC[NH2+]C3)nc(N3CCc4ccccc4C3)n1)C2 (chirality)
c1ccc2c(c1)CCN(c1nc(N[C@@H]3CC[NH2+]C3)nc(N3CCc4ccccc4C3)n1)C2 (3D coordinates assigned)
c1ccc2c(c1)CCN(c1nc(N[C@@H]3CC[NH2+]C3)nc(N3CCc4ccccc4C3)n1)C2 (nonaromatic ring conformer: 71.92138606200417 kcal/mol)",c1ccc2c(c1)CCN(c1nc(NC3CCNC3)nc(N3CCc4ccccc4C3)n1)C2,oracle,autodockgpu,-9.7300000000000004,energy,"{""free_energy"": -8.52, ""intermolecular_energy"": -9.72, ""internal_energy"": -1.46, ""cluster_size"": 19, ""cluster_id"": 1, ""rank_in_cluster"": 15}",-9.72,0.07,269.91,1
457,c1ccc2c(c1)CCN(c1nc(N[C@@H]3CC[NH2+]C3)nc(N3CCc4ccccc4C3)n1)C2,71.92138606200417,"c1ccc2c(c1)CCN(c1nc(NC3CC[NH2+]C3)nc(N3CCc4ccccc4C3)n1)C2 (protonated)
c1ccc2c(c1)CCN(c1nc(N[C@@H]3CC[NH2+]C3)nc(N3CCc4ccccc4C3)n1)C2 (chirality)
c1ccc2c(c1)CCN(c1nc(N[C@@H]3CC[NH2+]C3)nc(N3CCc4ccccc4C3)n1)C2 (3D coordinates assigned)
c1ccc2c(c1)CCN(c1nc(N[C@@H]3CC[NH2+]C3)nc(N3CCc4ccccc4C3)n1)C2 (nonaromatic ring conformer: 71.92138606200417 kcal/mol)",c1ccc2c(c1)CCN(c1nc(NC3CCNC3)nc(N3CCc4ccccc4C3)n1)C2,oracle,autodockgpu,-9.7300000000000004,energy,"{""free_energy"": -8.37, ""intermolecular_energy"": -9.56, ""internal_energy"": -1.46, ""cluster_size"": 19, ""cluster_id"": 1, ""rank_in_cluster"": 18}",-9.72,0.17,269.98,1
457,c1ccc2c(c1)CCN(c1nc(N[C@@H]3CC[NH2+]C3)nc(N3CCc4ccccc4C3)n1)C2,71.92138606200417,"c1ccc2c(c1)CCN(c1nc(NC3CC[NH2+]C3)nc(N3CCc4ccccc4C3)n1)C2 (protonated)
c1ccc2c(c1)CCN(c1nc(N[C@@H]3CC[NH2+]C3)nc(N3CCc4ccccc4C3)n1)C2 (chirality)
c1ccc2c(c1)CCN(c1nc(N[C@@H]3CC[NH2+]C3)nc(N3CCc4ccccc4C3)n1)C2 (3D coordinates assigned)
c1ccc2c(c1)CCN(c1nc(N[C@@H]3CC[NH2+]C3)nc(N3CCc4ccccc4C3)n1)C2 (nonaromatic ring conformer: 71.92138606200417 kcal/mol)",c1ccc2c(c1)CCN(c1nc(NC3CCNC3)nc(N3CCc4ccccc4C3)n1)C2,oracle,autodockgpu,-9.7300000000000004,energy,"{""free_energy"": -8.51, ""intermolecular_energy"": -9.7, ""internal_energy"": -1.46, ""cluster_size"": 19, ""cluster_id"": 1, ""rank_in_cluster"": 17}",-9.71,0.07,269.94,1
457,c1ccc2c(c1)CCN(c1nc(N[C@@H]3CC[NH2+]C3)nc(N3CCc4ccccc4C3)n1)C2,71.92138606200417,"c1ccc2c(c1)CCN(c1nc(NC3CC[NH2+]C3)nc(N3CCc4ccccc4C3)n1)C2 (protonated)
c1ccc2c(c1)CCN(c1nc(N[C@@H]3CC[NH2+]C3)nc(N3CCc4ccccc4C3)n1)C2 (chirality)
c1ccc2c(c1)CCN(c1nc(N[C@@H]3CC[NH2+]C3)nc(N3CCc4ccccc4C3)n1)C2 (3D coordinates assigned)
c1ccc2c(c1)CCN(c1nc(N[C@@H]3CC[NH2+]C3)nc(N3CCc4ccccc4C3)n1)C2 (nonaromatic ring conformer: 71.92138606200417 kcal/mol)",c1ccc2c(c1)CCN(c1nc(NC3CCNC3)nc(N3CCc4ccccc4C3)n1)C2,oracle,autodockgpu,-9.7300000000000004,energy,"{""free_energy"": -8.61, ""intermolecular_energy"": -9.81, ""internal_energy"": -1.44, ""cluster_size"": 19, ""cluster_id"": 1, ""rank_in_cluster"": 13}",-9.71,0.14,269.96,1
457,c1ccc2c(c1)CCN(c1nc(N[C@@H]3CC[NH2+]C3)nc(N3CCc4ccccc4C3)n1)C2,71.92138606200417,"c1ccc2c(c1)CCN(c1nc(NC3CC[NH2+]C3)nc(N3CCc4ccccc4C3)n1)C2 (protonated)
c1ccc2c(c1)CCN(c1nc(N[C@@H]3CC[NH2+]C3)nc(N3CCc4ccccc4C3)n1)C2 (chirality)
c1ccc2c(c1)CCN(c1nc(N[C@@H]3CC[NH2+]C3)nc(N3CCc4ccccc4C3)n1)C2 (3D coordinates assigned)
c1ccc2c(c1)CCN(c1nc(N[C@@H]3CC[NH2+]C3)nc(N3CCc4ccccc4C3)n1)C2 (nonaromatic ring conformer: 71.92138606200417 kcal/mol)",c1ccc2c(c1)CCN(c1nc(NC3CCNC3)nc(N3CCc4ccccc4C3)n1)C2,oracle,autodockgpu,-9.7300000000000004,energy,"{""free_energy"": -9.73, ""intermolecular_energy"": -10.92, ""internal_energy"": -1.4, ""cluster_size"": 19, ""cluster_id"": 1, ""rank_in_cluster"": 1}",-9.7,0.11,269.89,1
457,c1ccc2c(c1)CCN(c1nc(N[C@@H]3CC[NH2+]C3)nc(N3CCc4ccccc4C3)n1)C2,71.92138606200417,"c1ccc2c(c1)CCN(c1nc(NC3CC[NH2+]C3)nc(N3CCc4ccccc4C3)n1)C2 (protonated)
c1ccc2c(c1)CCN(c1nc(N[C@@H]3CC[NH2+]C3)nc(N3CCc4ccccc4C3)n1)C2 (chirality)
c1ccc2c(c1)CCN(c1nc(N[C@@H]3CC[NH2+]C3)nc(N3CCc4ccccc4C3)n1)C2 (3D coordinates assigned)
c1ccc2c(c1)CCN(c1nc(N[C@@H]3CC[NH2+]C3)nc(N3CCc4ccccc4C3)n1)C2 (nonaromatic ring conformer: 71.92138606200417 kcal/mol)",c1ccc2c(c1)CCN(c1nc(NC3CCNC3)nc(N3CCc4ccccc4C3)n1)C2,oracle,autodockgpu,-9.7300000000000004,energy,"{""free_energy"": -9.71, ""intermolecular_energy"": -10.91, ""internal_energy"": -1.42, ""cluster_size"": 19, ""cluster_id"": 1, ""rank_in_cluster"": 6}",-9.7,0.18,269.96,1
457,c1ccc2c(c1)CCN(c1nc(N[C@@H]3CC[NH2+]C3)nc(N3CCc4ccccc4C3)n1)C2,71.92138606200417,"c1ccc2c(c1)CCN(c1nc(NC3CC[NH2+]C3)nc(N3CCc4ccccc4C3)n1)C2 (protonated)
c1ccc2c(c1)CCN(c1nc(N[C@@H]3CC[NH2+]C3)nc(N3CCc4ccccc4C3)n1)C2 (chirality)
c1ccc2c(c1)CCN(c1nc(N[C@@H]3CC[NH2+]C3)nc(N3CCc4ccccc4C3)n1)C2 (3D coordinates assigned)
c1ccc2c(c1)CCN(c1nc(N[C@@H]3CC[NH2+]C3)nc(N3CCc4ccccc4C3)n1)C2 (nonaromatic ring conformer: 71.92138606200417 kcal/mol)",c1ccc2c(c1)CCN(c1nc(NC3CCNC3)nc(N3CCc4ccccc4C3)n1)C2,oracle,autodockgpu,-9.7300000000000004,energy,"{""free_energy"": -8.69, ""intermolecular_energy"": -9.88, ""internal_energy"": -1.45, ""cluster_size"": 19, ""cluster_id"": 1, ""rank_in_cluster"": 12}",-9.69,0.16,269.94,1
457,c1ccc2c(c1)CCN(c1nc(N[C@@H]3CC[NH2+]C3)nc(N3CCc4ccccc4C3)n1)C2,71.92138606200417,"c1ccc2c(c1)CCN(c1nc(NC3CC[NH2+]C3)nc(N3CCc4ccccc4C3)n1)C2 (protonated)
c1ccc2c(c1)CCN(c1nc(N[C@@H]3CC[NH2+]C3)nc(N3CCc4ccccc4C3)n1)C2 (chirality)
c1ccc2c(c1)CCN(c1nc(N[C@@H]3CC[NH2+]C3)nc(N3CCc4ccccc4C3)n1)C2 (3D coordinates assigned)
c1ccc2c(c1)CCN(c1nc(N[C@@H]3CC[NH2+]C3)nc(N3CCc4ccccc4C3)n1)C2 (nonaromatic ring conformer: 71.92138606200417 kcal/mol)",c1ccc2c(c1)CCN(c1nc(NC3CCNC3)nc(N3CCc4ccccc4C3)n1)C2,oracle,autodockgpu,-9.7300000000000004,energy,"{""free_energy"": -9.73, ""intermolecular_energy"": -10.92, ""internal_energy"": -1.41, ""cluster_size"": 19, ""cluster_id"": 1, ""rank_in_cluster"": 2}",-9.66,0.11,269.91,1
457,c1ccc2c(c1)CCN(c1nc(N[C@@H]3CC[NH2+]C3)nc(N3CCc4ccccc4C3)n1)C2,71.92138606200417,"c1ccc2c(c1)CCN(c1nc(NC3CC[NH2+]C3)nc(N3CCc4ccccc4C3)n1)C2 (protonated)
c1ccc2c(c1)CCN(c1nc(N[C@@H]3CC[NH2+]C3)nc(N3CCc4ccccc4C3)n1)C2 (chirality)
c1ccc2c(c1)CCN(c1nc(N[C@@H]3CC[NH2+]C3)nc(N3CCc4ccccc4C3)n1)C2 (3D coordinates assigned)
c1ccc2c(c1)CCN(c1nc(N[C@@H]3CC[NH2+]C3)nc(N3CCc4ccccc4C3)n1)C2 (nonaromatic ring conformer: 71.92138606200417 kcal/mol)",c1ccc2c(c1)CCN(c1nc(NC3CCNC3)nc(N3CCc4ccccc4C3)n1)C2,oracle,autodockgpu,-9.7300000000000004,energy,"{""free_energy"": -9.71, ""intermolecular_energy"": -10.9, ""internal_energy"": -1.42, ""cluster_size"": 19, ""cluster_id"": 1, ""rank_in_cluster"": 7}",-8.69,1.22,269.77,1
457,c1ccc2c(c1)CCN(c1nc(N[C@@H]3CC[NH2+]C3)nc(N3CCc4ccccc4C3)n1)C2,71.92138606200417,"c1ccc2c(c1)CCN(c1nc(NC3CC[NH2+]C3)nc(N3CCc4ccccc4C3)n1)C2 (protonated)
c1ccc2c(c1)CCN(c1nc(N[C@@H]3CC[NH2+]C3)nc(N3CCc4ccccc4C3)n1)C2 (chirality)
c1ccc2c(c1)CCN(c1nc(N[C@@H]3CC[NH2+]C3)nc(N3CCc4ccccc4C3)n1)C2 (3D coordinates assigned)
c1ccc2c(c1)CCN(c1nc(N[C@@H]3CC[NH2+]C3)nc(N3CCc4ccccc4C3)n1)C2 (nonaromatic ring conformer: 71.92138606200417 kcal/mol)",c1ccc2c(c1)CCN(c1nc(NC3CCNC3)nc(N3CCc4ccccc4C3)n1)C2,oracle,autodockgpu,-9.7300000000000004,energy,"{""free_energy"": -9.69, ""intermolecular_energy"": -10.88, ""internal_energy"": -1.44, ""cluster_size"": 19, ""cluster_id"": 1, ""rank_in_cluster"": 10}",-8.61,1.12,269.94,1
457,c1ccc2c(c1)CCN(c1nc(N[C@@H]3CC[NH2+]C3)nc(N3CCc4ccccc4C3)n1)C2,71.92138606200417,"c1ccc2c(c1)CCN(c1nc(NC3CC[NH2+]C3)nc(N3CCc4ccccc4C3)n1)C2 (protonated)
c1ccc2c(c1)CCN(c1nc(N[C@@H]3CC[NH2+]C3)nc(N3CCc4ccccc4C3)n1)C2 (chirality)
c1ccc2c(c1)CCN(c1nc(N[C@@H]3CC[NH2+]C3)nc(N3CCc4ccccc4C3)n1)C2 (3D coordinates assigned)
c1ccc2c(c1)CCN(c1nc(N[C@@H]3CC[NH2+]C3)nc(N3CCc4ccccc4C3)n1)C2 (nonaromatic ring conformer: 71.92138606200417 kcal/mol)",c1ccc2c(c1)CCN(c1nc(NC3CCNC3)nc(N3CCc4ccccc4C3)n1)C2,oracle,autodockgpu,-9.7300000000000004,energy,"{""free_energy"": -8.52, ""intermolecular_energy"": -9.71, ""internal_energy"": -1.46, ""cluster_size"": 19, ""cluster_id"": 1, ""rank_in_cluster"": 16}",-8.55,1.14,269.94,1
457,c1ccc2c(c1)CCN(c1nc(N[C@@H]3CC[NH2+]C3)nc(N3CCc4ccccc4C3)n1)C2,71.92138606200417,"c1ccc2c(c1)CCN(c1nc(NC3CC[NH2+]C3)nc(N3CCc4ccccc4C3)n1)C2 (protonated)
c1ccc2c(c1)CCN(c1nc(N[C@@H]3CC[NH2+]C3)nc(N3CCc4ccccc4C3)n1)C2 (chirality)
c1ccc2c(c1)CCN(c1nc(N[C@@H]3CC[NH2+]C3)nc(N3CCc4ccccc4C3)n1)C2 (3D coordinates assigned)
c1ccc2c(c1)CCN(c1nc(N[C@@H]3CC[NH2+]C3)nc(N3CCc4ccccc4C3)n1)C2 (nonaromatic ring conformer: 71.92138606200417 kcal/mol)",c1ccc2c(c1)CCN(c1nc(NC3CCNC3)nc(N3CCc4ccccc4C3)n1)C2,oracle,autodockgpu,-9.7300000000000004,energy,"{""free_energy"": -9.7, ""intermolecular_energy"": -10.89, ""internal_energy"": -1.42, ""cluster_size"": 19, ""cluster_id"": 1, ""rank_in_cluster"": 8}",-8.52,1.11,269.92,1
457,c1ccc2c(c1)CCN(c1nc(N[C@@H]3CC[NH2+]C3)nc(N3CCc4ccccc4C3)n1)C2,71.92138606200417,"c1ccc2c(c1)CCN(c1nc(NC3CC[NH2+]C3)nc(N3CCc4ccccc4C3)n1)C2 (protonated)
c1ccc2c(c1)CCN(c1nc(N[C@@H]3CC[NH2+]C3)nc(N3CCc4ccccc4C3)n1)C2 (chirality)
c1ccc2c(c1)CCN(c1nc(N[C@@H]3CC[NH2+]C3)nc(N3CCc4ccccc4C3)n1)C2 (3D coordinates assigned)
c1ccc2c(c1)CCN(c1nc(N[C@@H]3CC[NH2+]C3)nc(N3CCc4ccccc4C3)n1)C2 (nonaromatic ring conformer: 71.92138606200417 kcal/mol)",c1ccc2c(c1)CCN(c1nc(NC3CCNC3)nc(N3CCc4ccccc4C3)n1)C2,oracle,autodockgpu,-9.7300000000000004,energy,"{""free_energy"": -9.66, ""intermolecular_energy"": -10.85, ""internal_energy"": -1.44, ""cluster_size"": 19, ""cluster_id"": 1, ""rank_in_cluster"": 11}",-8.52,1.04,269.85,1
457,c1ccc2c(c1)CCN(c1nc(N[C@@H]3CC[NH2+]C3)nc(N3CCc4ccccc4C3)n1)C2,71.92138606200417,"c1ccc2c(c1)CCN(c1nc(NC3CC[NH2+]C3)nc(N3CCc4ccccc4C3)n1)C2 (protonated)
c1ccc2c(c1)CCN(c1nc(N[C@@H]3CC[NH2+]C3)nc(N3CCc4ccccc4C3)n1)C2 (chirality)
c1ccc2c(c1)CCN(c1nc(N[C@@H]3CC[NH2+]C3)nc(N3CCc4ccccc4C3)n1)C2 (3D coordinates assigned)
c1ccc2c(c1)CCN(c1nc(N[C@@H]3CC[NH2+]C3)nc(N3CCc4ccccc4C3)n1)C2 (nonaromatic ring conformer: 71.92138606200417 kcal/mol)",c1ccc2c(c1)CCN(c1nc(NC3CCNC3)nc(N3CCc4ccccc4C3)n1)C2,oracle,autodockgpu,-9.7300000000000004,energy,"{""free_energy"": -8.83, ""intermolecular_energy"": -10.02, ""internal_energy"": -1.4, ""cluster_size"": 1, ""cluster_id"": 2, ""rank_in_cluster"": 1}",-8.51,1.09,269.93,1
457,c1ccc2c(c1)CCN(c1nc(N[C@@H]3CC[NH2+]C3)nc(N3CCc4ccccc4C3)n1)C2,71.92138606200417,"c1ccc2c(c1)CCN(c1nc(NC3CC[NH2+]C3)nc(N3CCc4ccccc4C3)n1)C2 (protonated)
c1ccc2c(c1)CCN(c1nc(N[C@@H]3CC[NH2+]C3)nc(N3CCc4ccccc4C3)n1)C2 (chirality)
c1ccc2c(c1)CCN(c1nc(N[C@@H]3CC[NH2+]C3)nc(N3CCc4ccccc4C3)n1)C2 (3D coordinates assigned)
c1ccc2c(c1)CCN(c1nc(N[C@@H]3CC[NH2+]C3)nc(N3CCc4ccccc4C3)n1)C2 (nonaromatic ring conformer: 71.92138606200417 kcal/mol)",c1ccc2c(c1)CCN(c1nc(NC3CCNC3)nc(N3CCc4ccccc4C3)n1)C2,oracle,autodockgpu,-9.7300000000000004,energy,"{""free_energy"": -9.72, ""intermolecular_energy"": -10.91, ""internal_energy"": -1.41, ""cluster_size"": 19, ""cluster_id"": 1, ""rank_in_cluster"": 4}",-8.37,1.63,269.31,1
457,c1ccc2c(c1)CCN(c1nc(N[C@@H]3CC[NH2+]C3)nc(N3CCc4ccccc4C3)n1)C2,71.92138606200417,"c1ccc2c(c1)CCN(c1nc(NC3CC[NH2+]C3)nc(N3CCc4ccccc4C3)n1)C2 (protonated)
c1ccc2c(c1)CCN(c1nc(N[C@@H]3CC[NH2+]C3)nc(N3CCc4ccccc4C3)n1)C2 (chirality)
c1ccc2c(c1)CCN(c1nc(N[C@@H]3CC[NH2+]C3)nc(N3CCc4ccccc4C3)n1)C2 (3D coordinates assigned)
c1ccc2c(c1)CCN(c1nc(N[C@@H]3CC[NH2+]C3)nc(N3CCc4ccccc4C3)n1)C2 (nonaromatic ring conformer: 71.92138606200417 kcal/mol)",c1ccc2c(c1)CCN(c1nc(NC3CCNC3)nc(N3CCc4ccccc4C3)n1)C2,oracle,autodockgpu,-9.7300000000000004,energy,"{""free_energy"": -8.55, ""intermolecular_energy"": -9.74, ""internal_energy"": -1.43, ""cluster_size"": 19, ""cluster_id"": 1, ""rank_in_cluster"": 14}",-8.35,1.64,269.32,1
457,c1ccc2c(c1)CCN(c1nc(N[C@@H]3CC[NH2+]C3)nc(N3CCc4ccccc4C3)n1)C2,71.92138606200417,"c1ccc2c(c1)CCN(c1nc(NC3CC[NH2+]C3)nc(N3CCc4ccccc4C3)n1)C2 (protonated)
c1ccc2c(c1)CCN(c1nc(N[C@@H]3CC[NH2+]C3)nc(N3CCc4ccccc4C3)n1)C2 (chirality)
c1ccc2c(c1)CCN(c1nc(N[C@@H]3CC[NH2+]C3)nc(N3CCc4ccccc4C3)n1)C2 (3D coordinates assigned)
c1ccc2c(c1)CCN(c1nc(N[C@@H]3CC[NH2+]C3)nc(N3CCc4ccccc4C3)n1)C2 (nonaromatic ring conformer: 71.92138606200417 kcal/mol)",c1ccc2c(c1)CCN(c1nc(NC3CCNC3)nc(N3CCc4ccccc4C3)n1)C2,oracle,autodockgpu,-9.7300000000000004,energy,"{""free_energy"": -9.7, ""intermolecular_energy"": -10.89, ""internal_energy"": -1.43, ""cluster_size"": 19, ""cluster_id"": 1, ""rank_in_cluster"": 9}",-8.83,0.0,269.46,2
458,c1ccc2c(c1)CCN(c1nc(N3CCc4ccccc4C3)[nH]/c(=N/[C@@H]3CCNC3)n1)C2,72.79102055636811,"c1ccc2c(c1)CCN(c1nc(N3CCc4ccccc4C3)[nH]c(=NC3CCNC3)n1)C2 (tautomer)
c1ccc2c(c1)CCN(c1nc(N3CCc4ccccc4C3)[nH]c(=N[C@@H]3CCNC3)n1)C2 (chirality)
c1ccc2c(c1)CCN(c1nc(N3CCc4ccccc4C3)[nH]/c(=N/[C@@H]3CCNC3)n1)C2 (cis-trans isomerization)
c1ccc2c(c1)CCN(c1nc(N3CCc4ccccc4C3)[nH]/c(=N/[C@@H]3CCNC3)n1)C2 (3D coordinates assigned)
c1ccc2c(c1)CCN(c1nc(N3CCc4ccccc4C3)[nH]/c(=N/[C@@H]3CCNC3)n1)C2 (nonaromatic ring conformer: 72.79102055636811 kcal/mol)",c1ccc2c(c1)CCN(c1nc(NC3CCNC3)nc(N3CCc4ccccc4C3)n1)C2,oracle,autodockgpu,-10.84,energy,"{""free_energy"": -10.84, ""intermolecular_energy"": -12.04, ""internal_energy"": -0.78, ""cluster_size"": 20, ""cluster_id"": 1, ""rank_in_cluster"": 1}",-10.84,0.0,271.67,1
458,c1ccc2c(c1)CCN(c1nc(N3CCc4ccccc4C3)[nH]/c(=N/[C@@H]3CCNC3)n1)C2,72.79102055636811,"c1ccc2c(c1)CCN(c1nc(N3CCc4ccccc4C3)[nH]c(=NC3CCNC3)n1)C2 (tautomer)
c1ccc2c(c1)CCN(c1nc(N3CCc4ccccc4C3)[nH]c(=N[C@@H]3CCNC3)n1)C2 (chirality)
c1ccc2c(c1)CCN(c1nc(N3CCc4ccccc4C3)[nH]/c(=N/[C@@H]3CCNC3)n1)C2 (cis-trans isomerization)
c1ccc2c(c1)CCN(c1nc(N3CCc4ccccc4C3)[nH]/c(=N/[C@@H]3CCNC3)n1)C2 (3D coordinates assigned)
c1ccc2c(c1)CCN(c1nc(N3CCc4ccccc4C3)[nH]/c(=N/[C@@H]3CCNC3)n1)C2 (nonaromatic ring conformer: 72.79102055636811 kcal/mol)",c1ccc2c(c1)CCN(c1nc(NC3CCNC3)nc(N3CCc4ccccc4C3)n1)C2,oracle,autodockgpu,-10.84,energy,"{""free_energy"": -10.83, ""intermolecular_energy"": -12.02, ""internal_energy"": -0.78, ""cluster_size"": 20, ""cluster_id"": 1, ""rank_in_cluster"": 8}",-10.84,0.05,271.68,1
458,c1ccc2c(c1)CCN(c1nc(N3CCc4ccccc4C3)[nH]/c(=N/[C@@H]3CCNC3)n1)C2,72.79102055636811,"c1ccc2c(c1)CCN(c1nc(N3CCc4ccccc4C3)[nH]c(=NC3CCNC3)n1)C2 (tautomer)
c1ccc2c(c1)CCN(c1nc(N3CCc4ccccc4C3)[nH]c(=N[C@@H]3CCNC3)n1)C2 (chirality)
c1ccc2c(c1)CCN(c1nc(N3CCc4ccccc4C3)[nH]/c(=N/[C@@H]3CCNC3)n1)C2 (cis-trans isomerization)
c1ccc2c(c1)CCN(c1nc(N3CCc4ccccc4C3)[nH]/c(=N/[C@@H]3CCNC3)n1)C2 (3D coordinates assigned)
c1ccc2c(c1)CCN(c1nc(N3CCc4ccccc4C3)[nH]/c(=N/[C@@H]3CCNC3)n1)C2 (nonaromatic ring conformer: 72.79102055636811 kcal/mol)",c1ccc2c(c1)CCN(c1nc(NC3CCNC3)nc(N3CCc4ccccc4C3)n1)C2,oracle,autodockgpu,-10.84,energy,"{""free_energy"": -10.84, ""intermolecular_energy"": -12.03, ""internal_energy"": -0.78, ""cluster_size"": 20, ""cluster_id"": 1, ""rank_in_cluster"": 4}",-10.84,0.06,271.69,1
458,c1ccc2c(c1)CCN(c1nc(N3CCc4ccccc4C3)[nH]/c(=N/[C@@H]3CCNC3)n1)C2,72.79102055636811,"c1ccc2c(c1)CCN(c1nc(N3CCc4ccccc4C3)[nH]c(=NC3CCNC3)n1)C2 (tautomer)
c1ccc2c(c1)CCN(c1nc(N3CCc4ccccc4C3)[nH]c(=N[C@@H]3CCNC3)n1)C2 (chirality)
c1ccc2c(c1)CCN(c1nc(N3CCc4ccccc4C3)[nH]/c(=N/[C@@H]3CCNC3)n1)C2 (cis-trans isomerization)
c1ccc2c(c1)CCN(c1nc(N3CCc4ccccc4C3)[nH]/c(=N/[C@@H]3CCNC3)n1)C2 (3D coordinates assigned)
c1ccc2c(c1)CCN(c1nc(N3CCc4ccccc4C3)[nH]/c(=N/[C@@H]3CCNC3)n1)C2 (nonaromatic ring conformer: 72.79102055636811 kcal/mol)",c1ccc2c(c1)CCN(c1nc(NC3CCNC3)nc(N3CCc4ccccc4C3)n1)C2,oracle,autodockgpu,-10.84,energy,"{""free_energy"": -10.7, ""intermolecular_energy"": -11.89, ""internal_energy"": -0.77, ""cluster_size"": 20, ""cluster_id"": 1, ""rank_in_cluster"": 17}",-10.84,0.05,271.68,1
458,c1ccc2c(c1)CCN(c1nc(N3CCc4ccccc4C3)[nH]/c(=N/[C@@H]3CCNC3)n1)C2,72.79102055636811,"c1ccc2c(c1)CCN(c1nc(N3CCc4ccccc4C3)[nH]c(=NC3CCNC3)n1)C2 (tautomer)
c1ccc2c(c1)CCN(c1nc(N3CCc4ccccc4C3)[nH]c(=N[C@@H]3CCNC3)n1)C2 (chirality)
c1ccc2c(c1)CCN(c1nc(N3CCc4ccccc4C3)[nH]/c(=N/[C@@H]3CCNC3)n1)C2 (cis-trans isomerization)
c1ccc2c(c1)CCN(c1nc(N3CCc4ccccc4C3)[nH]/c(=N/[C@@H]3CCNC3)n1)C2 (3D coordinates assigned)
c1ccc2c(c1)CCN(c1nc(N3CCc4ccccc4C3)[nH]/c(=N/[C@@H]3CCNC3)n1)C2 (nonaromatic ring conformer: 72.79102055636811 kcal/mol)",c1ccc2c(c1)CCN(c1nc(NC3CCNC3)nc(N3CCc4ccccc4C3)n1)C2,oracle,autodockgpu,-10.84,energy,"{""free_energy"": -10.84, ""intermolecular_energy"": -12.04, ""internal_energy"": -0.78, ""cluster_size"": 20, ""cluster_id"": 1, ""rank_in_cluster"": 2}",-10.83,0.06,271.67,1
458,c1ccc2c(c1)CCN(c1nc(N3CCc4ccccc4C3)[nH]/c(=N/[C@@H]3CCNC3)n1)C2,72.79102055636811,"c1ccc2c(c1)CCN(c1nc(N3CCc4ccccc4C3)[nH]c(=NC3CCNC3)n1)C2 (tautomer)
c1ccc2c(c1)CCN(c1nc(N3CCc4ccccc4C3)[nH]c(=N[C@@H]3CCNC3)n1)C2 (chirality)
c1ccc2c(c1)CCN(c1nc(N3CCc4ccccc4C3)[nH]/c(=N/[C@@H]3CCNC3)n1)C2 (cis-trans isomerization)
c1ccc2c(c1)CCN(c1nc(N3CCc4ccccc4C3)[nH]/c(=N/[C@@H]3CCNC3)n1)C2 (3D coordinates assigned)
c1ccc2c(c1)CCN(c1nc(N3CCc4ccccc4C3)[nH]/c(=N/[C@@H]3CCNC3)n1)C2 (nonaromatic ring conformer: 72.79102055636811 kcal/mol)",c1ccc2c(c1)CCN(c1nc(NC3CCNC3)nc(N3CCc4ccccc4C3)n1)C2,oracle,autodockgpu,-10.84,energy,"{""free_energy"": -10.71, ""intermolecular_energy"": -11.9, ""internal_energy"": -0.77, ""cluster_size"": 20, ""cluster_id"": 1, ""rank_in_cluster"": 15}",-10.83,0.05,271.65,1
458,c1ccc2c(c1)CCN(c1nc(N3CCc4ccccc4C3)[nH]/c(=N/[C@@H]3CCNC3)n1)C2,72.79102055636811,"c1ccc2c(c1)CCN(c1nc(N3CCc4ccccc4C3)[nH]c(=NC3CCNC3)n1)C2 (tautomer)
c1ccc2c(c1)CCN(c1nc(N3CCc4ccccc4C3)[nH]c(=N[C@@H]3CCNC3)n1)C2 (chirality)
c1ccc2c(c1)CCN(c1nc(N3CCc4ccccc4C3)[nH]/c(=N/[C@@H]3CCNC3)n1)C2 (cis-trans isomerization)
c1ccc2c(c1)CCN(c1nc(N3CCc4ccccc4C3)[nH]/c(=N/[C@@H]3CCNC3)n1)C2 (3D coordinates assigned)
c1ccc2c(c1)CCN(c1nc(N3CCc4ccccc4C3)[nH]/c(=N/[C@@H]3CCNC3)n1)C2 (nonaromatic ring conformer: 72.79102055636811 kcal/mol)",c1ccc2c(c1)CCN(c1nc(NC3CCNC3)nc(N3CCc4ccccc4C3)n1)C2,oracle,autodockgpu,-10.84,energy,"{""free_energy"": -10.83, ""intermolecular_energy"": -12.03, ""internal_energy"": -0.78, ""cluster_size"": 20, ""cluster_id"": 1, ""rank_in_cluster"": 5}",-10.83,0.06,271.67,1
458,c1ccc2c(c1)CCN(c1nc(N3CCc4ccccc4C3)[nH]/c(=N/[C@@H]3CCNC3)n1)C2,72.79102055636811,"c1ccc2c(c1)CCN(c1nc(N3CCc4ccccc4C3)[nH]c(=NC3CCNC3)n1)C2 (tautomer)
c1ccc2c(c1)CCN(c1nc(N3CCc4ccccc4C3)[nH]c(=N[C@@H]3CCNC3)n1)C2 (chirality)
c1ccc2c(c1)CCN(c1nc(N3CCc4ccccc4C3)[nH]/c(=N/[C@@H]3CCNC3)n1)C2 (cis-trans isomerization)
c1ccc2c(c1)CCN(c1nc(N3CCc4ccccc4C3)[nH]/c(=N/[C@@H]3CCNC3)n1)C2 (3D coordinates assigned)
c1ccc2c(c1)CCN(c1nc(N3CCc4ccccc4C3)[nH]/c(=N/[C@@H]3CCNC3)n1)C2 (nonaromatic ring conformer: 72.79102055636811 kcal/mol)",c1ccc2c(c1)CCN(c1nc(NC3CCNC3)nc(N3CCc4ccccc4C3)n1)C2,oracle,autodockgpu,-10.84,energy,"{""free_energy"": -10.84, ""intermolecular_energy"": -12.03, ""internal_energy"": -0.78, ""cluster_size"": 20, ""cluster_id"": 1, ""rank_in_cluster"": 3}",-10.83,0.08,271.67,1
458,c1ccc2c(c1)CCN(c1nc(N3CCc4ccccc4C3)[nH]/c(=N/[C@@H]3CCNC3)n1)C2,72.79102055636811,"c1ccc2c(c1)CCN(c1nc(N3CCc4ccccc4C3)[nH]c(=NC3CCNC3)n1)C2 (tautomer)
c1ccc2c(c1)CCN(c1nc(N3CCc4ccccc4C3)[nH]c(=N[C@@H]3CCNC3)n1)C2 (chirality)
c1ccc2c(c1)CCN(c1nc(N3CCc4ccccc4C3)[nH]/c(=N/[C@@H]3CCNC3)n1)C2 (cis-trans isomerization)
c1ccc2c(c1)CCN(c1nc(N3CCc4ccccc4C3)[nH]/c(=N/[C@@H]3CCNC3)n1)C2 (3D coordinates assigned)
c1ccc2c(c1)CCN(c1nc(N3CCc4ccccc4C3)[nH]/c(=N/[C@@H]3CCNC3)n1)C2 (nonaromatic ring conformer: 72.79102055636811 kcal/mol)",c1ccc2c(c1)CCN(c1nc(NC3CCNC3)nc(N3CCc4ccccc4C3)n1)C2,oracle,autodockgpu,-10.84,energy,"{""free_energy"": -10.38, ""intermolecular_energy"": -11.57, ""internal_energy"": -0.81, ""cluster_size"": 20, ""cluster_id"": 1, ""rank_in_cluster"": 19}",-10.8,0.22,271.75,1
458,c1ccc2c(c1)CCN(c1nc(N3CCc4ccccc4C3)[nH]/c(=N/[C@@H]3CCNC3)n1)C2,72.79102055636811,"c1ccc2c(c1)CCN(c1nc(N3CCc4ccccc4C3)[nH]c(=NC3CCNC3)n1)C2 (tautomer)
c1ccc2c(c1)CCN(c1nc(N3CCc4ccccc4C3)[nH]c(=N[C@@H]3CCNC3)n1)C2 (chirality)
c1ccc2c(c1)CCN(c1nc(N3CCc4ccccc4C3)[nH]/c(=N/[C@@H]3CCNC3)n1)C2 (cis-trans isomerization)
c1ccc2c(c1)CCN(c1nc(N3CCc4ccccc4C3)[nH]/c(=N/[C@@H]3CCNC3)n1)C2 (3D coordinates assigned)
c1ccc2c(c1)CCN(c1nc(N3CCc4ccccc4C3)[nH]/c(=N/[C@@H]3CCNC3)n1)C2 (nonaromatic ring conformer: 72.79102055636811 kcal/mol)",c1ccc2c(c1)CCN(c1nc(NC3CCNC3)nc(N3CCc4ccccc4C3)n1)C2,oracle,autodockgpu,-10.84,energy,"{""free_energy"": -10.6, ""intermolecular_energy"": -11.79, ""internal_energy"": -0.76, ""cluster_size"": 20, ""cluster_id"": 1, ""rank_in_cluster"": 18}",-10.8,0.26,271.74,1
458,c1ccc2c(c1)CCN(c1nc(N3CCc4ccccc4C3)[nH]/c(=N/[C@@H]3CCNC3)n1)C2,72.79102055636811,"c1ccc2c(c1)CCN(c1nc(N3CCc4ccccc4C3)[nH]c(=NC3CCNC3)n1)C2 (tautomer)
c1ccc2c(c1)CCN(c1nc(N3CCc4ccccc4C3)[nH]c(=N[C@@H]3CCNC3)n1)C2 (chirality)
c1ccc2c(c1)CCN(c1nc(N3CCc4ccccc4C3)[nH]/c(=N/[C@@H]3CCNC3)n1)C2 (cis-trans isomerization)
c1ccc2c(c1)CCN(c1nc(N3CCc4ccccc4C3)[nH]/c(=N/[C@@H]3CCNC3)n1)C2 (3D coordinates assigned)
c1ccc2c(c1)CCN(c1nc(N3CCc4ccccc4C3)[nH]/c(=N/[C@@H]3CCNC3)n1)C2 (nonaromatic ring conformer: 72.79102055636811 kcal/mol)",c1ccc2c(c1)CCN(c1nc(NC3CCNC3)nc(N3CCc4ccccc4C3)n1)C2,oracle,autodockgpu,-10.84,energy,"{""free_energy"": -10.7, ""intermolecular_energy"": -11.9, ""internal_energy"": -0.76, ""cluster_size"": 20, ""cluster_id"": 1, ""rank_in_cluster"": 16}",-10.78,0.35,271.6,1
458,c1ccc2c(c1)CCN(c1nc(N3CCc4ccccc4C3)[nH]/c(=N/[C@@H]3CCNC3)n1)C2,72.79102055636811,"c1ccc2c(c1)CCN(c1nc(N3CCc4ccccc4C3)[nH]c(=NC3CCNC3)n1)C2 (tautomer)
c1ccc2c(c1)CCN(c1nc(N3CCc4ccccc4C3)[nH]c(=N[C@@H]3CCNC3)n1)C2 (chirality)
c1ccc2c(c1)CCN(c1nc(N3CCc4ccccc4C3)[nH]/c(=N/[C@@H]3CCNC3)n1)C2 (cis-trans isomerization)
c1ccc2c(c1)CCN(c1nc(N3CCc4ccccc4C3)[nH]/c(=N/[C@@H]3CCNC3)n1)C2 (3D coordinates assigned)
c1ccc2c(c1)CCN(c1nc(N3CCc4ccccc4C3)[nH]/c(=N/[C@@H]3CCNC3)n1)C2 (nonaromatic ring conformer: 72.79102055636811 kcal/mol)",c1ccc2c(c1)CCN(c1nc(NC3CCNC3)nc(N3CCc4ccccc4C3)n1)C2,oracle,autodockgpu,-10.84,energy,"{""free_energy"": -10.78, ""intermolecular_energy"": -11.98, ""internal_energy"": -0.77, ""cluster_size"": 20, ""cluster_id"": 1, ""rank_in_cluster"": 11}",-10.76,0.35,271.61,1
458,c1ccc2c(c1)CCN(c1nc(N3CCc4ccccc4C3)[nH]/c(=N/[C@@H]3CCNC3)n1)C2,72.79102055636811,"c1ccc2c(c1)CCN(c1nc(N3CCc4ccccc4C3)[nH]c(=NC3CCNC3)n1)C2 (tautomer)
c1ccc2c(c1)CCN(c1nc(N3CCc4ccccc4C3)[nH]c(=N[C@@H]3CCNC3)n1)C2 (chirality)
c1ccc2c(c1)CCN(c1nc(N3CCc4ccccc4C3)[nH]/c(=N/[C@@H]3CCNC3)n1)C2 (cis-trans isomerization)
c1ccc2c(c1)CCN(c1nc(N3CCc4ccccc4C3)[nH]/c(=N/[C@@H]3CCNC3)n1)C2 (3D coordinates assigned)
c1ccc2c(c1)CCN(c1nc(N3CCc4ccccc4C3)[nH]/c(=N/[C@@H]3CCNC3)n1)C2 (nonaromatic ring conformer: 72.79102055636811 kcal/mol)",c1ccc2c(c1)CCN(c1nc(NC3CCNC3)nc(N3CCc4ccccc4C3)n1)C2,oracle,autodockgpu,-10.84,energy,"{""free_energy"": -10.71, ""intermolecular_energy"": -11.91, ""internal_energy"": -0.77, ""cluster_size"": 20, ""cluster_id"": 1, ""rank_in_cluster"": 14}",-10.72,1.04,271.62,1
458,c1ccc2c(c1)CCN(c1nc(N3CCc4ccccc4C3)[nH]/c(=N/[C@@H]3CCNC3)n1)C2,72.79102055636811,"c1ccc2c(c1)CCN(c1nc(N3CCc4ccccc4C3)[nH]c(=NC3CCNC3)n1)C2 (tautomer)
c1ccc2c(c1)CCN(c1nc(N3CCc4ccccc4C3)[nH]c(=N[C@@H]3CCNC3)n1)C2 (chirality)
c1ccc2c(c1)CCN(c1nc(N3CCc4ccccc4C3)[nH]/c(=N/[C@@H]3CCNC3)n1)C2 (cis-trans isomerization)
c1ccc2c(c1)CCN(c1nc(N3CCc4ccccc4C3)[nH]/c(=N/[C@@H]3CCNC3)n1)C2 (3D coordinates assigned)
c1ccc2c(c1)CCN(c1nc(N3CCc4ccccc4C3)[nH]/c(=N/[C@@H]3CCNC3)n1)C2 (nonaromatic ring conformer: 72.79102055636811 kcal/mol)",c1ccc2c(c1)CCN(c1nc(NC3CCNC3)nc(N3CCc4ccccc4C3)n1)C2,oracle,autodockgpu,-10.84,energy,"{""free_energy"": -9.64, ""intermolecular_energy"": -10.83, ""internal_energy"": -0.78, ""cluster_size"": 20, ""cluster_id"": 1, ""rank_in_cluster"": 20}",-10.71,1.04,271.63,1
458,c1ccc2c(c1)CCN(c1nc(N3CCc4ccccc4C3)[nH]/c(=N/[C@@H]3CCNC3)n1)C2,72.79102055636811,"c1ccc2c(c1)CCN(c1nc(N3CCc4ccccc4C3)[nH]c(=NC3CCNC3)n1)C2 (tautomer)
c1ccc2c(c1)CCN(c1nc(N3CCc4ccccc4C3)[nH]c(=N[C@@H]3CCNC3)n1)C2 (chirality)
c1ccc2c(c1)CCN(c1nc(N3CCc4ccccc4C3)[nH]/c(=N/[C@@H]3CCNC3)n1)C2 (cis-trans isomerization)
c1ccc2c(c1)CCN(c1nc(N3CCc4ccccc4C3)[nH]/c(=N/[C@@H]3CCNC3)n1)C2 (3D coordinates assigned)
c1ccc2c(c1)CCN(c1nc(N3CCc4ccccc4C3)[nH]/c(=N/[C@@H]3CCNC3)n1)C2 (nonaromatic ring conformer: 72.79102055636811 kcal/mol)",c1ccc2c(c1)CCN(c1nc(NC3CCNC3)nc(N3CCc4ccccc4C3)n1)C2,oracle,autodockgpu,-10.84,energy,"{""free_energy"": -10.8, ""intermolecular_energy"": -11.99, ""internal_energy"": -0.79, ""cluster_size"": 20, ""cluster_id"": 1, ""rank_in_cluster"": 9}",-10.71,1.04,271.61,1
458,c1ccc2c(c1)CCN(c1nc(N3CCc4ccccc4C3)[nH]/c(=N/[C@@H]3CCNC3)n1)C2,72.79102055636811,"c1ccc2c(c1)CCN(c1nc(N3CCc4ccccc4C3)[nH]c(=NC3CCNC3)n1)C2 (tautomer)
c1ccc2c(c1)CCN(c1nc(N3CCc4ccccc4C3)[nH]c(=N[C@@H]3CCNC3)n1)C2 (chirality)
c1ccc2c(c1)CCN(c1nc(N3CCc4ccccc4C3)[nH]/c(=N/[C@@H]3CCNC3)n1)C2 (cis-trans isomerization)
c1ccc2c(c1)CCN(c1nc(N3CCc4ccccc4C3)[nH]/c(=N/[C@@H]3CCNC3)n1)C2 (3D coordinates assigned)
c1ccc2c(c1)CCN(c1nc(N3CCc4ccccc4C3)[nH]/c(=N/[C@@H]3CCNC3)n1)C2 (nonaromatic ring conformer: 72.79102055636811 kcal/mol)",c1ccc2c(c1)CCN(c1nc(NC3CCNC3)nc(N3CCc4ccccc4C3)n1)C2,oracle,autodockgpu,-10.84,energy,"{""free_energy"": -10.76, ""intermolecular_energy"": -11.96, ""internal_energy"": -0.78, ""cluster_size"": 20, ""cluster_id"": 1, ""rank_in_cluster"": 12}",-10.7,1.04,271.61,1
458,c1ccc2c(c1)CCN(c1nc(N3CCc4ccccc4C3)[nH]/c(=N/[C@@H]3CCNC3)n1)C2,72.79102055636811,"c1ccc2c(c1)CCN(c1nc(N3CCc4ccccc4C3)[nH]c(=NC3CCNC3)n1)C2 (tautomer)
c1ccc2c(c1)CCN(c1nc(N3CCc4ccccc4C3)[nH]c(=N[C@@H]3CCNC3)n1)C2 (chirality)
c1ccc2c(c1)CCN(c1nc(N3CCc4ccccc4C3)[nH]/c(=N/[C@@H]3CCNC3)n1)C2 (cis-trans isomerization)
c1ccc2c(c1)CCN(c1nc(N3CCc4ccccc4C3)[nH]/c(=N/[C@@H]3CCNC3)n1)C2 (3D coordinates assigned)
c1ccc2c(c1)CCN(c1nc(N3CCc4ccccc4C3)[nH]/c(=N/[C@@H]3CCNC3)n1)C2 (nonaromatic ring conformer: 72.79102055636811 kcal/mol)",c1ccc2c(c1)CCN(c1nc(NC3CCNC3)nc(N3CCc4ccccc4C3)n1)C2,oracle,autodockgpu,-10.84,energy,"{""free_energy"": -10.83, ""intermolecular_energy"": -12.02, ""internal_energy"": -0.78, ""cluster_size"": 20, ""cluster_id"": 1, ""rank_in_cluster"": 7}",-10.7,1.04,271.61,1
458,c1ccc2c(c1)CCN(c1nc(N3CCc4ccccc4C3)[nH]/c(=N/[C@@H]3CCNC3)n1)C2,72.79102055636811,"c1ccc2c(c1)CCN(c1nc(N3CCc4ccccc4C3)[nH]c(=NC3CCNC3)n1)C2 (tautomer)
c1ccc2c(c1)CCN(c1nc(N3CCc4ccccc4C3)[nH]c(=N[C@@H]3CCNC3)n1)C2 (chirality)
c1ccc2c(c1)CCN(c1nc(N3CCc4ccccc4C3)[nH]/c(=N/[C@@H]3CCNC3)n1)C2 (cis-trans isomerization)
c1ccc2c(c1)CCN(c1nc(N3CCc4ccccc4C3)[nH]/c(=N/[C@@H]3CCNC3)n1)C2 (3D coordinates assigned)
c1ccc2c(c1)CCN(c1nc(N3CCc4ccccc4C3)[nH]/c(=N/[C@@H]3CCNC3)n1)C2 (nonaromatic ring conformer: 72.79102055636811 kcal/mol)",c1ccc2c(c1)CCN(c1nc(NC3CCNC3)nc(N3CCc4ccccc4C3)n1)C2,oracle,autodockgpu,-10.84,energy,"{""free_energy"": -10.83, ""intermolecular_energy"": -12.03, ""internal_energy"": -0.78, ""cluster_size"": 20, ""cluster_id"": 1, ""rank_in_cluster"": 6}",-10.6,0.43,271.56,1
458,c1ccc2c(c1)CCN(c1nc(N3CCc4ccccc4C3)[nH]/c(=N/[C@@H]3CCNC3)n1)C2,72.79102055636811,"c1ccc2c(c1)CCN(c1nc(N3CCc4ccccc4C3)[nH]c(=NC3CCNC3)n1)C2 (tautomer)
c1ccc2c(c1)CCN(c1nc(N3CCc4ccccc4C3)[nH]c(=N[C@@H]3CCNC3)n1)C2 (chirality)
c1ccc2c(c1)CCN(c1nc(N3CCc4ccccc4C3)[nH]/c(=N/[C@@H]3CCNC3)n1)C2 (cis-trans isomerization)
c1ccc2c(c1)CCN(c1nc(N3CCc4ccccc4C3)[nH]/c(=N/[C@@H]3CCNC3)n1)C2 (3D coordinates assigned)
c1ccc2c(c1)CCN(c1nc(N3CCc4ccccc4C3)[nH]/c(=N/[C@@H]3CCNC3)n1)C2 (nonaromatic ring conformer: 72.79102055636811 kcal/mol)",c1ccc2c(c1)CCN(c1nc(NC3CCNC3)nc(N3CCc4ccccc4C3)n1)C2,oracle,autodockgpu,-10.84,energy,"{""free_energy"": -10.8, ""intermolecular_energy"": -11.99, ""internal_energy"": -0.78, ""cluster_size"": 20, ""cluster_id"": 1, ""rank_in_cluster"": 10}",-10.38,1.13,271.69,1
458,c1ccc2c(c1)CCN(c1nc(N3CCc4ccccc4C3)[nH]/c(=N/[C@@H]3CCNC3)n1)C2,72.79102055636811,"c1ccc2c(c1)CCN(c1nc(N3CCc4ccccc4C3)[nH]c(=NC3CCNC3)n1)C2 (tautomer)
c1ccc2c(c1)CCN(c1nc(N3CCc4ccccc4C3)[nH]c(=N[C@@H]3CCNC3)n1)C2 (chirality)
c1ccc2c(c1)CCN(c1nc(N3CCc4ccccc4C3)[nH]/c(=N/[C@@H]3CCNC3)n1)C2 (cis-trans isomerization)
c1ccc2c(c1)CCN(c1nc(N3CCc4ccccc4C3)[nH]/c(=N/[C@@H]3CCNC3)n1)C2 (3D coordinates assigned)
c1ccc2c(c1)CCN(c1nc(N3CCc4ccccc4C3)[nH]/c(=N/[C@@H]3CCNC3)n1)C2 (nonaromatic ring conformer: 72.79102055636811 kcal/mol)",c1ccc2c(c1)CCN(c1nc(NC3CCNC3)nc(N3CCc4ccccc4C3)n1)C2,oracle,autodockgpu,-10.84,energy,"{""free_energy"": -10.72, ""intermolecular_energy"": -11.91, ""internal_energy"": -0.77, ""cluster_size"": 20, ""cluster_id"": 1, ""rank_in_cluster"": 13}",-9.64,1.32,271.59,1
459,c1ccc2c(c1)CCN(c1nc(N[C@@H]3CC[NH2+]C3)nc(N3CCc4ccccc4C3)n1)C2,72.93336691002587,"c1ccc2c(c1)CCN(c1nc(NC3CC[NH2+]C3)nc(N3CCc4ccccc4C3)n1)C2 (protonated)
c1ccc2c(c1)CCN(c1nc(N[C@@H]3CC[NH2+]C3)nc(N3CCc4ccccc4C3)n1)C2 (chirality)
c1ccc2c(c1)CCN(c1nc(N[C@@H]3CC[NH2+]C3)nc(N3CCc4ccccc4C3)n1)C2 (3D coordinates assigned)
c1ccc2c(c1)CCN(c1nc(N[C@@H]3CC[NH2+]C3)nc(N3CCc4ccccc4C3)n1)C2 (nonaromatic ring conformer: 72.93336691002587 kcal/mol)",c1ccc2c(c1)CCN(c1nc(NC3CCNC3)nc(N3CCc4ccccc4C3)n1)C2,oracle,autodockgpu,-9.7300000000000004,energy,"{""free_energy"": -8.35, ""intermolecular_energy"": -9.54, ""internal_energy"": -1.48, ""cluster_size"": 19, ""cluster_id"": 1, ""rank_in_cluster"": 19}",-9.73,0.0,269.93,1
459,c1ccc2c(c1)CCN(c1nc(N[C@@H]3CC[NH2+]C3)nc(N3CCc4ccccc4C3)n1)C2,72.93336691002587,"c1ccc2c(c1)CCN(c1nc(NC3CC[NH2+]C3)nc(N3CCc4ccccc4C3)n1)C2 (protonated)
c1ccc2c(c1)CCN(c1nc(N[C@@H]3CC[NH2+]C3)nc(N3CCc4ccccc4C3)n1)C2 (chirality)
c1ccc2c(c1)CCN(c1nc(N[C@@H]3CC[NH2+]C3)nc(N3CCc4ccccc4C3)n1)C2 (3D coordinates assigned)
c1ccc2c(c1)CCN(c1nc(N[C@@H]3CC[NH2+]C3)nc(N3CCc4ccccc4C3)n1)C2 (nonaromatic ring conformer: 72.93336691002587 kcal/mol)",c1ccc2c(c1)CCN(c1nc(NC3CCNC3)nc(N3CCc4ccccc4C3)n1)C2,oracle,autodockgpu,-9.7300000000000004,energy,"{""free_energy"": -9.73, ""intermolecular_energy"": -10.92, ""internal_energy"": -1.38, ""cluster_size"": 19, ""cluster_id"": 1, ""rank_in_cluster"": 3}",-9.73,0.04,269.93,1
459,c1ccc2c(c1)CCN(c1nc(N[C@@H]3CC[NH2+]C3)nc(N3CCc4ccccc4C3)n1)C2,72.93336691002587,"c1ccc2c(c1)CCN(c1nc(NC3CC[NH2+]C3)nc(N3CCc4ccccc4C3)n1)C2 (protonated)
c1ccc2c(c1)CCN(c1nc(N[C@@H]3CC[NH2+]C3)nc(N3CCc4ccccc4C3)n1)C2 (chirality)
c1ccc2c(c1)CCN(c1nc(N[C@@H]3CC[NH2+]C3)nc(N3CCc4ccccc4C3)n1)C2 (3D coordinates assigned)
c1ccc2c(c1)CCN(c1nc(N[C@@H]3CC[NH2+]C3)nc(N3CCc4ccccc4C3)n1)C2 (nonaromatic ring conformer: 72.93336691002587 kcal/mol)",c1ccc2c(c1)CCN(c1nc(NC3CCNC3)nc(N3CCc4ccccc4C3)n1)C2,oracle,autodockgpu,-9.7300000000000004,energy,"{""free_energy"": -9.72, ""intermolecular_energy"": -10.91, ""internal_energy"": -1.4, ""cluster_size"": 19, ""cluster_id"": 1, ""rank_in_cluster"": 5}",-9.73,0.16,269.94,1
459,c1ccc2c(c1)CCN(c1nc(N[C@@H]3CC[NH2+]C3)nc(N3CCc4ccccc4C3)n1)C2,72.93336691002587,"c1ccc2c(c1)CCN(c1nc(NC3CC[NH2+]C3)nc(N3CCc4ccccc4C3)n1)C2 (protonated)
c1ccc2c(c1)CCN(c1nc(N[C@@H]3CC[NH2+]C3)nc(N3CCc4ccccc4C3)n1)C2 (chirality)
c1ccc2c(c1)CCN(c1nc(N[C@@H]3CC[NH2+]C3)nc(N3CCc4ccccc4C3)n1)C2 (3D coordinates assigned)
c1ccc2c(c1)CCN(c1nc(N[C@@H]3CC[NH2+]C3)nc(N3CCc4ccccc4C3)n1)C2 (nonaromatic ring conformer: 72.93336691002587 kcal/mol)",c1ccc2c(c1)CCN(c1nc(NC3CCNC3)nc(N3CCc4ccccc4C3)n1)C2,oracle,autodockgpu,-9.7300000000000004,energy,"{""free_energy"": -8.52, ""intermolecular_energy"": -9.72, ""internal_energy"": -1.46, ""cluster_size"": 19, ""cluster_id"": 1, ""rank_in_cluster"": 15}",-9.72,0.07,269.91,1
459,c1ccc2c(c1)CCN(c1nc(N[C@@H]3CC[NH2+]C3)nc(N3CCc4ccccc4C3)n1)C2,72.93336691002587,"c1ccc2c(c1)CCN(c1nc(NC3CC[NH2+]C3)nc(N3CCc4ccccc4C3)n1)C2 (protonated)
c1ccc2c(c1)CCN(c1nc(N[C@@H]3CC[NH2+]C3)nc(N3CCc4ccccc4C3)n1)C2 (chirality)
c1ccc2c(c1)CCN(c1nc(N[C@@H]3CC[NH2+]C3)nc(N3CCc4ccccc4C3)n1)C2 (3D coordinates assigned)
c1ccc2c(c1)CCN(c1nc(N[C@@H]3CC[NH2+]C3)nc(N3CCc4ccccc4C3)n1)C2 (nonaromatic ring conformer: 72.93336691002587 kcal/mol)",c1ccc2c(c1)CCN(c1nc(NC3CCNC3)nc(N3CCc4ccccc4C3)n1)C2,oracle,autodockgpu,-9.7300000000000004,energy,"{""free_energy"": -8.37, ""intermolecular_energy"": -9.56, ""internal_energy"": -1.46, ""cluster_size"": 19, ""cluster_id"": 1, ""rank_in_cluster"": 18}",-9.72,0.17,269.98,1
459,c1ccc2c(c1)CCN(c1nc(N[C@@H]3CC[NH2+]C3)nc(N3CCc4ccccc4C3)n1)C2,72.93336691002587,"c1ccc2c(c1)CCN(c1nc(NC3CC[NH2+]C3)nc(N3CCc4ccccc4C3)n1)C2 (protonated)
c1ccc2c(c1)CCN(c1nc(N[C@@H]3CC[NH2+]C3)nc(N3CCc4ccccc4C3)n1)C2 (chirality)
c1ccc2c(c1)CCN(c1nc(N[C@@H]3CC[NH2+]C3)nc(N3CCc4ccccc4C3)n1)C2 (3D coordinates assigned)
c1ccc2c(c1)CCN(c1nc(N[C@@H]3CC[NH2+]C3)nc(N3CCc4ccccc4C3)n1)C2 (nonaromatic ring conformer: 72.93336691002587 kcal/mol)",c1ccc2c(c1)CCN(c1nc(NC3CCNC3)nc(N3CCc4ccccc4C3)n1)C2,oracle,autodockgpu,-9.7300000000000004,energy,"{""free_energy"": -8.51, ""intermolecular_energy"": -9.7, ""internal_energy"": -1.46, ""cluster_size"": 19, ""cluster_id"": 1, ""rank_in_cluster"": 17}",-9.71,0.07,269.94,1
459,c1ccc2c(c1)CCN(c1nc(N[C@@H]3CC[NH2+]C3)nc(N3CCc4ccccc4C3)n1)C2,72.93336691002587,"c1ccc2c(c1)CCN(c1nc(NC3CC[NH2+]C3)nc(N3CCc4ccccc4C3)n1)C2 (protonated)
c1ccc2c(c1)CCN(c1nc(N[C@@H]3CC[NH2+]C3)nc(N3CCc4ccccc4C3)n1)C2 (chirality)
c1ccc2c(c1)CCN(c1nc(N[C@@H]3CC[NH2+]C3)nc(N3CCc4ccccc4C3)n1)C2 (3D coordinates assigned)
c1ccc2c(c1)CCN(c1nc(N[C@@H]3CC[NH2+]C3)nc(N3CCc4ccccc4C3)n1)C2 (nonaromatic ring conformer: 72.93336691002587 kcal/mol)",c1ccc2c(c1)CCN(c1nc(NC3CCNC3)nc(N3CCc4ccccc4C3)n1)C2,oracle,autodockgpu,-9.7300000000000004,energy,"{""free_energy"": -8.61, ""intermolecular_energy"": -9.81, ""internal_energy"": -1.44, ""cluster_size"": 19, ""cluster_id"": 1, ""rank_in_cluster"": 13}",-9.71,0.14,269.96,1
459,c1ccc2c(c1)CCN(c1nc(N[C@@H]3CC[NH2+]C3)nc(N3CCc4ccccc4C3)n1)C2,72.93336691002587,"c1ccc2c(c1)CCN(c1nc(NC3CC[NH2+]C3)nc(N3CCc4ccccc4C3)n1)C2 (protonated)
c1ccc2c(c1)CCN(c1nc(N[C@@H]3CC[NH2+]C3)nc(N3CCc4ccccc4C3)n1)C2 (chirality)
c1ccc2c(c1)CCN(c1nc(N[C@@H]3CC[NH2+]C3)nc(N3CCc4ccccc4C3)n1)C2 (3D coordinates assigned)
c1ccc2c(c1)CCN(c1nc(N[C@@H]3CC[NH2+]C3)nc(N3CCc4ccccc4C3)n1)C2 (nonaromatic ring conformer: 72.93336691002587 kcal/mol)",c1ccc2c(c1)CCN(c1nc(NC3CCNC3)nc(N3CCc4ccccc4C3)n1)C2,oracle,autodockgpu,-9.7300000000000004,energy,"{""free_energy"": -9.73, ""intermolecular_energy"": -10.92, ""internal_energy"": -1.4, ""cluster_size"": 19, ""cluster_id"": 1, ""rank_in_cluster"": 1}",-9.7,0.11,269.89,1
459,c1ccc2c(c1)CCN(c1nc(N[C@@H]3CC[NH2+]C3)nc(N3CCc4ccccc4C3)n1)C2,72.93336691002587,"c1ccc2c(c1)CCN(c1nc(NC3CC[NH2+]C3)nc(N3CCc4ccccc4C3)n1)C2 (protonated)
c1ccc2c(c1)CCN(c1nc(N[C@@H]3CC[NH2+]C3)nc(N3CCc4ccccc4C3)n1)C2 (chirality)
c1ccc2c(c1)CCN(c1nc(N[C@@H]3CC[NH2+]C3)nc(N3CCc4ccccc4C3)n1)C2 (3D coordinates assigned)
c1ccc2c(c1)CCN(c1nc(N[C@@H]3CC[NH2+]C3)nc(N3CCc4ccccc4C3)n1)C2 (nonaromatic ring conformer: 72.93336691002587 kcal/mol)",c1ccc2c(c1)CCN(c1nc(NC3CCNC3)nc(N3CCc4ccccc4C3)n1)C2,oracle,autodockgpu,-9.7300000000000004,energy,"{""free_energy"": -9.71, ""intermolecular_energy"": -10.91, ""internal_energy"": -1.42, ""cluster_size"": 19, ""cluster_id"": 1, ""rank_in_cluster"": 6}",-9.7,0.18,269.96,1
459,c1ccc2c(c1)CCN(c1nc(N[C@@H]3CC[NH2+]C3)nc(N3CCc4ccccc4C3)n1)C2,72.93336691002587,"c1ccc2c(c1)CCN(c1nc(NC3CC[NH2+]C3)nc(N3CCc4ccccc4C3)n1)C2 (protonated)
c1ccc2c(c1)CCN(c1nc(N[C@@H]3CC[NH2+]C3)nc(N3CCc4ccccc4C3)n1)C2 (chirality)
c1ccc2c(c1)CCN(c1nc(N[C@@H]3CC[NH2+]C3)nc(N3CCc4ccccc4C3)n1)C2 (3D coordinates assigned)
c1ccc2c(c1)CCN(c1nc(N[C@@H]3CC[NH2+]C3)nc(N3CCc4ccccc4C3)n1)C2 (nonaromatic ring conformer: 72.93336691002587 kcal/mol)",c1ccc2c(c1)CCN(c1nc(NC3CCNC3)nc(N3CCc4ccccc4C3)n1)C2,oracle,autodockgpu,-9.7300000000000004,energy,"{""free_energy"": -8.69, ""intermolecular_energy"": -9.88, ""internal_energy"": -1.45, ""cluster_size"": 19, ""cluster_id"": 1, ""rank_in_cluster"": 12}",-9.69,0.16,269.94,1
459,c1ccc2c(c1)CCN(c1nc(N[C@@H]3CC[NH2+]C3)nc(N3CCc4ccccc4C3)n1)C2,72.93336691002587,"c1ccc2c(c1)CCN(c1nc(NC3CC[NH2+]C3)nc(N3CCc4ccccc4C3)n1)C2 (protonated)
c1ccc2c(c1)CCN(c1nc(N[C@@H]3CC[NH2+]C3)nc(N3CCc4ccccc4C3)n1)C2 (chirality)
c1ccc2c(c1)CCN(c1nc(N[C@@H]3CC[NH2+]C3)nc(N3CCc4ccccc4C3)n1)C2 (3D coordinates assigned)
c1ccc2c(c1)CCN(c1nc(N[C@@H]3CC[NH2+]C3)nc(N3CCc4ccccc4C3)n1)C2 (nonaromatic ring conformer: 72.93336691002587 kcal/mol)",c1ccc2c(c1)CCN(c1nc(NC3CCNC3)nc(N3CCc4ccccc4C3)n1)C2,oracle,autodockgpu,-9.7300000000000004,energy,"{""free_energy"": -9.73, ""intermolecular_energy"": -10.92, ""internal_energy"": -1.41, ""cluster_size"": 19, ""cluster_id"": 1, ""rank_in_cluster"": 2}",-9.66,0.11,269.91,1
459,c1ccc2c(c1)CCN(c1nc(N[C@@H]3CC[NH2+]C3)nc(N3CCc4ccccc4C3)n1)C2,72.93336691002587,"c1ccc2c(c1)CCN(c1nc(NC3CC[NH2+]C3)nc(N3CCc4ccccc4C3)n1)C2 (protonated)
c1ccc2c(c1)CCN(c1nc(N[C@@H]3CC[NH2+]C3)nc(N3CCc4ccccc4C3)n1)C2 (chirality)
c1ccc2c(c1)CCN(c1nc(N[C@@H]3CC[NH2+]C3)nc(N3CCc4ccccc4C3)n1)C2 (3D coordinates assigned)
c1ccc2c(c1)CCN(c1nc(N[C@@H]3CC[NH2+]C3)nc(N3CCc4ccccc4C3)n1)C2 (nonaromatic ring conformer: 72.93336691002587 kcal/mol)",c1ccc2c(c1)CCN(c1nc(NC3CCNC3)nc(N3CCc4ccccc4C3)n1)C2,oracle,autodockgpu,-9.7300000000000004,energy,"{""free_energy"": -9.71, ""intermolecular_energy"": -10.9, ""internal_energy"": -1.42, ""cluster_size"": 19, ""cluster_id"": 1, ""rank_in_cluster"": 7}",-8.69,1.22,269.77,1
459,c1ccc2c(c1)CCN(c1nc(N[C@@H]3CC[NH2+]C3)nc(N3CCc4ccccc4C3)n1)C2,72.93336691002587,"c1ccc2c(c1)CCN(c1nc(NC3CC[NH2+]C3)nc(N3CCc4ccccc4C3)n1)C2 (protonated)
c1ccc2c(c1)CCN(c1nc(N[C@@H]3CC[NH2+]C3)nc(N3CCc4ccccc4C3)n1)C2 (chirality)
c1ccc2c(c1)CCN(c1nc(N[C@@H]3CC[NH2+]C3)nc(N3CCc4ccccc4C3)n1)C2 (3D coordinates assigned)
c1ccc2c(c1)CCN(c1nc(N[C@@H]3CC[NH2+]C3)nc(N3CCc4ccccc4C3)n1)C2 (nonaromatic ring conformer: 72.93336691002587 kcal/mol)",c1ccc2c(c1)CCN(c1nc(NC3CCNC3)nc(N3CCc4ccccc4C3)n1)C2,oracle,autodockgpu,-9.7300000000000004,energy,"{""free_energy"": -9.69, ""intermolecular_energy"": -10.88, ""internal_energy"": -1.44, ""cluster_size"": 19, ""cluster_id"": 1, ""rank_in_cluster"": 10}",-8.61,1.12,269.94,1
459,c1ccc2c(c1)CCN(c1nc(N[C@@H]3CC[NH2+]C3)nc(N3CCc4ccccc4C3)n1)C2,72.93336691002587,"c1ccc2c(c1)CCN(c1nc(NC3CC[NH2+]C3)nc(N3CCc4ccccc4C3)n1)C2 (protonated)
c1ccc2c(c1)CCN(c1nc(N[C@@H]3CC[NH2+]C3)nc(N3CCc4ccccc4C3)n1)C2 (chirality)
c1ccc2c(c1)CCN(c1nc(N[C@@H]3CC[NH2+]C3)nc(N3CCc4ccccc4C3)n1)C2 (3D coordinates assigned)
c1ccc2c(c1)CCN(c1nc(N[C@@H]3CC[NH2+]C3)nc(N3CCc4ccccc4C3)n1)C2 (nonaromatic ring conformer: 72.93336691002587 kcal/mol)",c1ccc2c(c1)CCN(c1nc(NC3CCNC3)nc(N3CCc4ccccc4C3)n1)C2,oracle,autodockgpu,-9.7300000000000004,energy,"{""free_energy"": -8.52, ""intermolecular_energy"": -9.71, ""internal_energy"": -1.46, ""cluster_size"": 19, ""cluster_id"": 1, ""rank_in_cluster"": 16}",-8.55,1.14,269.94,1
459,c1ccc2c(c1)CCN(c1nc(N[C@@H]3CC[NH2+]C3)nc(N3CCc4ccccc4C3)n1)C2,72.93336691002587,"c1ccc2c(c1)CCN(c1nc(NC3CC[NH2+]C3)nc(N3CCc4ccccc4C3)n1)C2 (protonated)
c1ccc2c(c1)CCN(c1nc(N[C@@H]3CC[NH2+]C3)nc(N3CCc4ccccc4C3)n1)C2 (chirality)
c1ccc2c(c1)CCN(c1nc(N[C@@H]3CC[NH2+]C3)nc(N3CCc4ccccc4C3)n1)C2 (3D coordinates assigned)
c1ccc2c(c1)CCN(c1nc(N[C@@H]3CC[NH2+]C3)nc(N3CCc4ccccc4C3)n1)C2 (nonaromatic ring conformer: 72.93336691002587 kcal/mol)",c1ccc2c(c1)CCN(c1nc(NC3CCNC3)nc(N3CCc4ccccc4C3)n1)C2,oracle,autodockgpu,-9.7300000000000004,energy,"{""free_energy"": -9.7, ""intermolecular_energy"": -10.89, ""internal_energy"": -1.42, ""cluster_size"": 19, ""cluster_id"": 1, ""rank_in_cluster"": 8}",-8.52,1.11,269.92,1
459,c1ccc2c(c1)CCN(c1nc(N[C@@H]3CC[NH2+]C3)nc(N3CCc4ccccc4C3)n1)C2,72.93336691002587,"c1ccc2c(c1)CCN(c1nc(NC3CC[NH2+]C3)nc(N3CCc4ccccc4C3)n1)C2 (protonated)
c1ccc2c(c1)CCN(c1nc(N[C@@H]3CC[NH2+]C3)nc(N3CCc4ccccc4C3)n1)C2 (chirality)
c1ccc2c(c1)CCN(c1nc(N[C@@H]3CC[NH2+]C3)nc(N3CCc4ccccc4C3)n1)C2 (3D coordinates assigned)
c1ccc2c(c1)CCN(c1nc(N[C@@H]3CC[NH2+]C3)nc(N3CCc4ccccc4C3)n1)C2 (nonaromatic ring conformer: 72.93336691002587 kcal/mol)",c1ccc2c(c1)CCN(c1nc(NC3CCNC3)nc(N3CCc4ccccc4C3)n1)C2,oracle,autodockgpu,-9.7300000000000004,energy,"{""free_energy"": -9.66, ""intermolecular_energy"": -10.85, ""internal_energy"": -1.44, ""cluster_size"": 19, ""cluster_id"": 1, ""rank_in_cluster"": 11}",-8.52,1.04,269.85,1
459,c1ccc2c(c1)CCN(c1nc(N[C@@H]3CC[NH2+]C3)nc(N3CCc4ccccc4C3)n1)C2,72.93336691002587,"c1ccc2c(c1)CCN(c1nc(NC3CC[NH2+]C3)nc(N3CCc4ccccc4C3)n1)C2 (protonated)
c1ccc2c(c1)CCN(c1nc(N[C@@H]3CC[NH2+]C3)nc(N3CCc4ccccc4C3)n1)C2 (chirality)
c1ccc2c(c1)CCN(c1nc(N[C@@H]3CC[NH2+]C3)nc(N3CCc4ccccc4C3)n1)C2 (3D coordinates assigned)
c1ccc2c(c1)CCN(c1nc(N[C@@H]3CC[NH2+]C3)nc(N3CCc4ccccc4C3)n1)C2 (nonaromatic ring conformer: 72.93336691002587 kcal/mol)",c1ccc2c(c1)CCN(c1nc(NC3CCNC3)nc(N3CCc4ccccc4C3)n1)C2,oracle,autodockgpu,-9.7300000000000004,energy,"{""free_energy"": -8.83, ""intermolecular_energy"": -10.02, ""internal_energy"": -1.4, ""cluster_size"": 1, ""cluster_id"": 2, ""rank_in_cluster"": 1}",-8.51,1.09,269.93,1
459,c1ccc2c(c1)CCN(c1nc(N[C@@H]3CC[NH2+]C3)nc(N3CCc4ccccc4C3)n1)C2,72.93336691002587,"c1ccc2c(c1)CCN(c1nc(NC3CC[NH2+]C3)nc(N3CCc4ccccc4C3)n1)C2 (protonated)
c1ccc2c(c1)CCN(c1nc(N[C@@H]3CC[NH2+]C3)nc(N3CCc4ccccc4C3)n1)C2 (chirality)
c1ccc2c(c1)CCN(c1nc(N[C@@H]3CC[NH2+]C3)nc(N3CCc4ccccc4C3)n1)C2 (3D coordinates assigned)
c1ccc2c(c1)CCN(c1nc(N[C@@H]3CC[NH2+]C3)nc(N3CCc4ccccc4C3)n1)C2 (nonaromatic ring conformer: 72.93336691002587 kcal/mol)",c1ccc2c(c1)CCN(c1nc(NC3CCNC3)nc(N3CCc4ccccc4C3)n1)C2,oracle,autodockgpu,-9.7300000000000004,energy,"{""free_energy"": -9.72, ""intermolecular_energy"": -10.91, ""internal_energy"": -1.41, ""cluster_size"": 19, ""cluster_id"": 1, ""rank_in_cluster"": 4}",-8.37,1.63,269.31,1
459,c1ccc2c(c1)CCN(c1nc(N[C@@H]3CC[NH2+]C3)nc(N3CCc4ccccc4C3)n1)C2,72.93336691002587,"c1ccc2c(c1)CCN(c1nc(NC3CC[NH2+]C3)nc(N3CCc4ccccc4C3)n1)C2 (protonated)
c1ccc2c(c1)CCN(c1nc(N[C@@H]3CC[NH2+]C3)nc(N3CCc4ccccc4C3)n1)C2 (chirality)
c1ccc2c(c1)CCN(c1nc(N[C@@H]3CC[NH2+]C3)nc(N3CCc4ccccc4C3)n1)C2 (3D coordinates assigned)
c1ccc2c(c1)CCN(c1nc(N[C@@H]3CC[NH2+]C3)nc(N3CCc4ccccc4C3)n1)C2 (nonaromatic ring conformer: 72.93336691002587 kcal/mol)",c1ccc2c(c1)CCN(c1nc(NC3CCNC3)nc(N3CCc4ccccc4C3)n1)C2,oracle,autodockgpu,-9.7300000000000004,energy,"{""free_energy"": -8.55, ""intermolecular_energy"": -9.74, ""internal_energy"": -1.43, ""cluster_size"": 19, ""cluster_id"": 1, ""rank_in_cluster"": 14}",-8.35,1.64,269.32,1
459,c1ccc2c(c1)CCN(c1nc(N[C@@H]3CC[NH2+]C3)nc(N3CCc4ccccc4C3)n1)C2,72.93336691002587,"c1ccc2c(c1)CCN(c1nc(NC3CC[NH2+]C3)nc(N3CCc4ccccc4C3)n1)C2 (protonated)
c1ccc2c(c1)CCN(c1nc(N[C@@H]3CC[NH2+]C3)nc(N3CCc4ccccc4C3)n1)C2 (chirality)
c1ccc2c(c1)CCN(c1nc(N[C@@H]3CC[NH2+]C3)nc(N3CCc4ccccc4C3)n1)C2 (3D coordinates assigned)
c1ccc2c(c1)CCN(c1nc(N[C@@H]3CC[NH2+]C3)nc(N3CCc4ccccc4C3)n1)C2 (nonaromatic ring conformer: 72.93336691002587 kcal/mol)",c1ccc2c(c1)CCN(c1nc(NC3CCNC3)nc(N3CCc4ccccc4C3)n1)C2,oracle,autodockgpu,-9.7300000000000004,energy,"{""free_energy"": -9.7, ""intermolecular_energy"": -10.89, ""internal_energy"": -1.43, ""cluster_size"": 19, ""cluster_id"": 1, ""rank_in_cluster"": 9}",-8.83,0.0,269.46,2
460,c1ccc2c(c1)CCN(c1nc(N[C@@H]3CC[NH2+]C3)nc(N3CCc4ccccc4C3)n1)C2,72.93886721711904,"c1ccc2c(c1)CCN(c1nc(NC3CC[NH2+]C3)nc(N3CCc4ccccc4C3)n1)C2 (protonated)
c1ccc2c(c1)CCN(c1nc(N[C@@H]3CC[NH2+]C3)nc(N3CCc4ccccc4C3)n1)C2 (chirality)
c1ccc2c(c1)CCN(c1nc(N[C@@H]3CC[NH2+]C3)nc(N3CCc4ccccc4C3)n1)C2 (3D coordinates assigned)
c1ccc2c(c1)CCN(c1nc(N[C@@H]3CC[NH2+]C3)nc(N3CCc4ccccc4C3)n1)C2 (nonaromatic ring conformer: 72.93886721711904 kcal/mol)",c1ccc2c(c1)CCN(c1nc(NC3CCNC3)nc(N3CCc4ccccc4C3)n1)C2,oracle,autodockgpu,-9.7300000000000004,energy,"{""free_energy"": -8.35, ""intermolecular_energy"": -9.54, ""internal_energy"": -1.48, ""cluster_size"": 19, ""cluster_id"": 1, ""rank_in_cluster"": 19}",-9.73,0.0,269.93,1
460,c1ccc2c(c1)CCN(c1nc(N[C@@H]3CC[NH2+]C3)nc(N3CCc4ccccc4C3)n1)C2,72.93886721711904,"c1ccc2c(c1)CCN(c1nc(NC3CC[NH2+]C3)nc(N3CCc4ccccc4C3)n1)C2 (protonated)
c1ccc2c(c1)CCN(c1nc(N[C@@H]3CC[NH2+]C3)nc(N3CCc4ccccc4C3)n1)C2 (chirality)
c1ccc2c(c1)CCN(c1nc(N[C@@H]3CC[NH2+]C3)nc(N3CCc4ccccc4C3)n1)C2 (3D coordinates assigned)
c1ccc2c(c1)CCN(c1nc(N[C@@H]3CC[NH2+]C3)nc(N3CCc4ccccc4C3)n1)C2 (nonaromatic ring conformer: 72.93886721711904 kcal/mol)",c1ccc2c(c1)CCN(c1nc(NC3CCNC3)nc(N3CCc4ccccc4C3)n1)C2,oracle,autodockgpu,-9.7300000000000004,energy,"{""free_energy"": -9.73, ""intermolecular_energy"": -10.92, ""internal_energy"": -1.38, ""cluster_size"": 19, ""cluster_id"": 1, ""rank_in_cluster"": 3}",-9.73,0.04,269.93,1
460,c1ccc2c(c1)CCN(c1nc(N[C@@H]3CC[NH2+]C3)nc(N3CCc4ccccc4C3)n1)C2,72.93886721711904,"c1ccc2c(c1)CCN(c1nc(NC3CC[NH2+]C3)nc(N3CCc4ccccc4C3)n1)C2 (protonated)
c1ccc2c(c1)CCN(c1nc(N[C@@H]3CC[NH2+]C3)nc(N3CCc4ccccc4C3)n1)C2 (chirality)
c1ccc2c(c1)CCN(c1nc(N[C@@H]3CC[NH2+]C3)nc(N3CCc4ccccc4C3)n1)C2 (3D coordinates assigned)
c1ccc2c(c1)CCN(c1nc(N[C@@H]3CC[NH2+]C3)nc(N3CCc4ccccc4C3)n1)C2 (nonaromatic ring conformer: 72.93886721711904 kcal/mol)",c1ccc2c(c1)CCN(c1nc(NC3CCNC3)nc(N3CCc4ccccc4C3)n1)C2,oracle,autodockgpu,-9.7300000000000004,energy,"{""free_energy"": -9.72, ""intermolecular_energy"": -10.91, ""internal_energy"": -1.4, ""cluster_size"": 19, ""cluster_id"": 1, ""rank_in_cluster"": 5}",-9.73,0.16,269.94,1
460,c1ccc2c(c1)CCN(c1nc(N[C@@H]3CC[NH2+]C3)nc(N3CCc4ccccc4C3)n1)C2,72.93886721711904,"c1ccc2c(c1)CCN(c1nc(NC3CC[NH2+]C3)nc(N3CCc4ccccc4C3)n1)C2 (protonated)
c1ccc2c(c1)CCN(c1nc(N[C@@H]3CC[NH2+]C3)nc(N3CCc4ccccc4C3)n1)C2 (chirality)
c1ccc2c(c1)CCN(c1nc(N[C@@H]3CC[NH2+]C3)nc(N3CCc4ccccc4C3)n1)C2 (3D coordinates assigned)
c1ccc2c(c1)CCN(c1nc(N[C@@H]3CC[NH2+]C3)nc(N3CCc4ccccc4C3)n1)C2 (nonaromatic ring conformer: 72.93886721711904 kcal/mol)",c1ccc2c(c1)CCN(c1nc(NC3CCNC3)nc(N3CCc4ccccc4C3)n1)C2,oracle,autodockgpu,-9.7300000000000004,energy,"{""free_energy"": -8.52, ""intermolecular_energy"": -9.72, ""internal_energy"": -1.46, ""cluster_size"": 19, ""cluster_id"": 1, ""rank_in_cluster"": 15}",-9.72,0.07,269.91,1
460,c1ccc2c(c1)CCN(c1nc(N[C@@H]3CC[NH2+]C3)nc(N3CCc4ccccc4C3)n1)C2,72.93886721711904,"c1ccc2c(c1)CCN(c1nc(NC3CC[NH2+]C3)nc(N3CCc4ccccc4C3)n1)C2 (protonated)
c1ccc2c(c1)CCN(c1nc(N[C@@H]3CC[NH2+]C3)nc(N3CCc4ccccc4C3)n1)C2 (chirality)
c1ccc2c(c1)CCN(c1nc(N[C@@H]3CC[NH2+]C3)nc(N3CCc4ccccc4C3)n1)C2 (3D coordinates assigned)
c1ccc2c(c1)CCN(c1nc(N[C@@H]3CC[NH2+]C3)nc(N3CCc4ccccc4C3)n1)C2 (nonaromatic ring conformer: 72.93886721711904 kcal/mol)",c1ccc2c(c1)CCN(c1nc(NC3CCNC3)nc(N3CCc4ccccc4C3)n1)C2,oracle,autodockgpu,-9.7300000000000004,energy,"{""free_energy"": -8.37, ""intermolecular_energy"": -9.56, ""internal_energy"": -1.46, ""cluster_size"": 19, ""cluster_id"": 1, ""rank_in_cluster"": 18}",-9.72,0.17,269.98,1
460,c1ccc2c(c1)CCN(c1nc(N[C@@H]3CC[NH2+]C3)nc(N3CCc4ccccc4C3)n1)C2,72.93886721711904,"c1ccc2c(c1)CCN(c1nc(NC3CC[NH2+]C3)nc(N3CCc4ccccc4C3)n1)C2 (protonated)
c1ccc2c(c1)CCN(c1nc(N[C@@H]3CC[NH2+]C3)nc(N3CCc4ccccc4C3)n1)C2 (chirality)
c1ccc2c(c1)CCN(c1nc(N[C@@H]3CC[NH2+]C3)nc(N3CCc4ccccc4C3)n1)C2 (3D coordinates assigned)
c1ccc2c(c1)CCN(c1nc(N[C@@H]3CC[NH2+]C3)nc(N3CCc4ccccc4C3)n1)C2 (nonaromatic ring conformer: 72.93886721711904 kcal/mol)",c1ccc2c(c1)CCN(c1nc(NC3CCNC3)nc(N3CCc4ccccc4C3)n1)C2,oracle,autodockgpu,-9.7300000000000004,energy,"{""free_energy"": -8.51, ""intermolecular_energy"": -9.7, ""internal_energy"": -1.46, ""cluster_size"": 19, ""cluster_id"": 1, ""rank_in_cluster"": 17}",-9.71,0.07,269.94,1
460,c1ccc2c(c1)CCN(c1nc(N[C@@H]3CC[NH2+]C3)nc(N3CCc4ccccc4C3)n1)C2,72.93886721711904,"c1ccc2c(c1)CCN(c1nc(NC3CC[NH2+]C3)nc(N3CCc4ccccc4C3)n1)C2 (protonated)
c1ccc2c(c1)CCN(c1nc(N[C@@H]3CC[NH2+]C3)nc(N3CCc4ccccc4C3)n1)C2 (chirality)
c1ccc2c(c1)CCN(c1nc(N[C@@H]3CC[NH2+]C3)nc(N3CCc4ccccc4C3)n1)C2 (3D coordinates assigned)
c1ccc2c(c1)CCN(c1nc(N[C@@H]3CC[NH2+]C3)nc(N3CCc4ccccc4C3)n1)C2 (nonaromatic ring conformer: 72.93886721711904 kcal/mol)",c1ccc2c(c1)CCN(c1nc(NC3CCNC3)nc(N3CCc4ccccc4C3)n1)C2,oracle,autodockgpu,-9.7300000000000004,energy,"{""free_energy"": -8.61, ""intermolecular_energy"": -9.81, ""internal_energy"": -1.44, ""cluster_size"": 19, ""cluster_id"": 1, ""rank_in_cluster"": 13}",-9.71,0.14,269.96,1
460,c1ccc2c(c1)CCN(c1nc(N[C@@H]3CC[NH2+]C3)nc(N3CCc4ccccc4C3)n1)C2,72.93886721711904,"c1ccc2c(c1)CCN(c1nc(NC3CC[NH2+]C3)nc(N3CCc4ccccc4C3)n1)C2 (protonated)
c1ccc2c(c1)CCN(c1nc(N[C@@H]3CC[NH2+]C3)nc(N3CCc4ccccc4C3)n1)C2 (chirality)
c1ccc2c(c1)CCN(c1nc(N[C@@H]3CC[NH2+]C3)nc(N3CCc4ccccc4C3)n1)C2 (3D coordinates assigned)
c1ccc2c(c1)CCN(c1nc(N[C@@H]3CC[NH2+]C3)nc(N3CCc4ccccc4C3)n1)C2 (nonaromatic ring conformer: 72.93886721711904 kcal/mol)",c1ccc2c(c1)CCN(c1nc(NC3CCNC3)nc(N3CCc4ccccc4C3)n1)C2,oracle,autodockgpu,-9.7300000000000004,energy,"{""free_energy"": -9.73, ""intermolecular_energy"": -10.92, ""internal_energy"": -1.4, ""cluster_size"": 19, ""cluster_id"": 1, ""rank_in_cluster"": 1}",-9.7,0.11,269.89,1
460,c1ccc2c(c1)CCN(c1nc(N[C@@H]3CC[NH2+]C3)nc(N3CCc4ccccc4C3)n1)C2,72.93886721711904,"c1ccc2c(c1)CCN(c1nc(NC3CC[NH2+]C3)nc(N3CCc4ccccc4C3)n1)C2 (protonated)
c1ccc2c(c1)CCN(c1nc(N[C@@H]3CC[NH2+]C3)nc(N3CCc4ccccc4C3)n1)C2 (chirality)
c1ccc2c(c1)CCN(c1nc(N[C@@H]3CC[NH2+]C3)nc(N3CCc4ccccc4C3)n1)C2 (3D coordinates assigned)
c1ccc2c(c1)CCN(c1nc(N[C@@H]3CC[NH2+]C3)nc(N3CCc4ccccc4C3)n1)C2 (nonaromatic ring conformer: 72.93886721711904 kcal/mol)",c1ccc2c(c1)CCN(c1nc(NC3CCNC3)nc(N3CCc4ccccc4C3)n1)C2,oracle,autodockgpu,-9.7300000000000004,energy,"{""free_energy"": -9.71, ""intermolecular_energy"": -10.91, ""internal_energy"": -1.42, ""cluster_size"": 19, ""cluster_id"": 1, ""rank_in_cluster"": 6}",-9.7,0.18,269.96,1
460,c1ccc2c(c1)CCN(c1nc(N[C@@H]3CC[NH2+]C3)nc(N3CCc4ccccc4C3)n1)C2,72.93886721711904,"c1ccc2c(c1)CCN(c1nc(NC3CC[NH2+]C3)nc(N3CCc4ccccc4C3)n1)C2 (protonated)
c1ccc2c(c1)CCN(c1nc(N[C@@H]3CC[NH2+]C3)nc(N3CCc4ccccc4C3)n1)C2 (chirality)
c1ccc2c(c1)CCN(c1nc(N[C@@H]3CC[NH2+]C3)nc(N3CCc4ccccc4C3)n1)C2 (3D coordinates assigned)
c1ccc2c(c1)CCN(c1nc(N[C@@H]3CC[NH2+]C3)nc(N3CCc4ccccc4C3)n1)C2 (nonaromatic ring conformer: 72.93886721711904 kcal/mol)",c1ccc2c(c1)CCN(c1nc(NC3CCNC3)nc(N3CCc4ccccc4C3)n1)C2,oracle,autodockgpu,-9.7300000000000004,energy,"{""free_energy"": -8.69, ""intermolecular_energy"": -9.88, ""internal_energy"": -1.45, ""cluster_size"": 19, ""cluster_id"": 1, ""rank_in_cluster"": 12}",-9.69,0.16,269.94,1
460,c1ccc2c(c1)CCN(c1nc(N[C@@H]3CC[NH2+]C3)nc(N3CCc4ccccc4C3)n1)C2,72.93886721711904,"c1ccc2c(c1)CCN(c1nc(NC3CC[NH2+]C3)nc(N3CCc4ccccc4C3)n1)C2 (protonated)
c1ccc2c(c1)CCN(c1nc(N[C@@H]3CC[NH2+]C3)nc(N3CCc4ccccc4C3)n1)C2 (chirality)
c1ccc2c(c1)CCN(c1nc(N[C@@H]3CC[NH2+]C3)nc(N3CCc4ccccc4C3)n1)C2 (3D coordinates assigned)
c1ccc2c(c1)CCN(c1nc(N[C@@H]3CC[NH2+]C3)nc(N3CCc4ccccc4C3)n1)C2 (nonaromatic ring conformer: 72.93886721711904 kcal/mol)",c1ccc2c(c1)CCN(c1nc(NC3CCNC3)nc(N3CCc4ccccc4C3)n1)C2,oracle,autodockgpu,-9.7300000000000004,energy,"{""free_energy"": -9.73, ""intermolecular_energy"": -10.92, ""internal_energy"": -1.41, ""cluster_size"": 19, ""cluster_id"": 1, ""rank_in_cluster"": 2}",-9.66,0.11,269.91,1
460,c1ccc2c(c1)CCN(c1nc(N[C@@H]3CC[NH2+]C3)nc(N3CCc4ccccc4C3)n1)C2,72.93886721711904,"c1ccc2c(c1)CCN(c1nc(NC3CC[NH2+]C3)nc(N3CCc4ccccc4C3)n1)C2 (protonated)
c1ccc2c(c1)CCN(c1nc(N[C@@H]3CC[NH2+]C3)nc(N3CCc4ccccc4C3)n1)C2 (chirality)
c1ccc2c(c1)CCN(c1nc(N[C@@H]3CC[NH2+]C3)nc(N3CCc4ccccc4C3)n1)C2 (3D coordinates assigned)
c1ccc2c(c1)CCN(c1nc(N[C@@H]3CC[NH2+]C3)nc(N3CCc4ccccc4C3)n1)C2 (nonaromatic ring conformer: 72.93886721711904 kcal/mol)",c1ccc2c(c1)CCN(c1nc(NC3CCNC3)nc(N3CCc4ccccc4C3)n1)C2,oracle,autodockgpu,-9.7300000000000004,energy,"{""free_energy"": -9.71, ""intermolecular_energy"": -10.9, ""internal_energy"": -1.42, ""cluster_size"": 19, ""cluster_id"": 1, ""rank_in_cluster"": 7}",-8.69,1.22,269.77,1
460,c1ccc2c(c1)CCN(c1nc(N[C@@H]3CC[NH2+]C3)nc(N3CCc4ccccc4C3)n1)C2,72.93886721711904,"c1ccc2c(c1)CCN(c1nc(NC3CC[NH2+]C3)nc(N3CCc4ccccc4C3)n1)C2 (protonated)
c1ccc2c(c1)CCN(c1nc(N[C@@H]3CC[NH2+]C3)nc(N3CCc4ccccc4C3)n1)C2 (chirality)
c1ccc2c(c1)CCN(c1nc(N[C@@H]3CC[NH2+]C3)nc(N3CCc4ccccc4C3)n1)C2 (3D coordinates assigned)
c1ccc2c(c1)CCN(c1nc(N[C@@H]3CC[NH2+]C3)nc(N3CCc4ccccc4C3)n1)C2 (nonaromatic ring conformer: 72.93886721711904 kcal/mol)",c1ccc2c(c1)CCN(c1nc(NC3CCNC3)nc(N3CCc4ccccc4C3)n1)C2,oracle,autodockgpu,-9.7300000000000004,energy,"{""free_energy"": -9.69, ""intermolecular_energy"": -10.88, ""internal_energy"": -1.44, ""cluster_size"": 19, ""cluster_id"": 1, ""rank_in_cluster"": 10}",-8.61,1.12,269.94,1
460,c1ccc2c(c1)CCN(c1nc(N[C@@H]3CC[NH2+]C3)nc(N3CCc4ccccc4C3)n1)C2,72.93886721711904,"c1ccc2c(c1)CCN(c1nc(NC3CC[NH2+]C3)nc(N3CCc4ccccc4C3)n1)C2 (protonated)
c1ccc2c(c1)CCN(c1nc(N[C@@H]3CC[NH2+]C3)nc(N3CCc4ccccc4C3)n1)C2 (chirality)
c1ccc2c(c1)CCN(c1nc(N[C@@H]3CC[NH2+]C3)nc(N3CCc4ccccc4C3)n1)C2 (3D coordinates assigned)
c1ccc2c(c1)CCN(c1nc(N[C@@H]3CC[NH2+]C3)nc(N3CCc4ccccc4C3)n1)C2 (nonaromatic ring conformer: 72.93886721711904 kcal/mol)",c1ccc2c(c1)CCN(c1nc(NC3CCNC3)nc(N3CCc4ccccc4C3)n1)C2,oracle,autodockgpu,-9.7300000000000004,energy,"{""free_energy"": -8.52, ""intermolecular_energy"": -9.71, ""internal_energy"": -1.46, ""cluster_size"": 19, ""cluster_id"": 1, ""rank_in_cluster"": 16}",-8.55,1.14,269.94,1
460,c1ccc2c(c1)CCN(c1nc(N[C@@H]3CC[NH2+]C3)nc(N3CCc4ccccc4C3)n1)C2,72.93886721711904,"c1ccc2c(c1)CCN(c1nc(NC3CC[NH2+]C3)nc(N3CCc4ccccc4C3)n1)C2 (protonated)
c1ccc2c(c1)CCN(c1nc(N[C@@H]3CC[NH2+]C3)nc(N3CCc4ccccc4C3)n1)C2 (chirality)
c1ccc2c(c1)CCN(c1nc(N[C@@H]3CC[NH2+]C3)nc(N3CCc4ccccc4C3)n1)C2 (3D coordinates assigned)
c1ccc2c(c1)CCN(c1nc(N[C@@H]3CC[NH2+]C3)nc(N3CCc4ccccc4C3)n1)C2 (nonaromatic ring conformer: 72.93886721711904 kcal/mol)",c1ccc2c(c1)CCN(c1nc(NC3CCNC3)nc(N3CCc4ccccc4C3)n1)C2,oracle,autodockgpu,-9.7300000000000004,energy,"{""free_energy"": -9.7, ""intermolecular_energy"": -10.89, ""internal_energy"": -1.42, ""cluster_size"": 19, ""cluster_id"": 1, ""rank_in_cluster"": 8}",-8.52,1.11,269.92,1
460,c1ccc2c(c1)CCN(c1nc(N[C@@H]3CC[NH2+]C3)nc(N3CCc4ccccc4C3)n1)C2,72.93886721711904,"c1ccc2c(c1)CCN(c1nc(NC3CC[NH2+]C3)nc(N3CCc4ccccc4C3)n1)C2 (protonated)
c1ccc2c(c1)CCN(c1nc(N[C@@H]3CC[NH2+]C3)nc(N3CCc4ccccc4C3)n1)C2 (chirality)
c1ccc2c(c1)CCN(c1nc(N[C@@H]3CC[NH2+]C3)nc(N3CCc4ccccc4C3)n1)C2 (3D coordinates assigned)
c1ccc2c(c1)CCN(c1nc(N[C@@H]3CC[NH2+]C3)nc(N3CCc4ccccc4C3)n1)C2 (nonaromatic ring conformer: 72.93886721711904 kcal/mol)",c1ccc2c(c1)CCN(c1nc(NC3CCNC3)nc(N3CCc4ccccc4C3)n1)C2,oracle,autodockgpu,-9.7300000000000004,energy,"{""free_energy"": -9.66, ""intermolecular_energy"": -10.85, ""internal_energy"": -1.44, ""cluster_size"": 19, ""cluster_id"": 1, ""rank_in_cluster"": 11}",-8.52,1.04,269.85,1
460,c1ccc2c(c1)CCN(c1nc(N[C@@H]3CC[NH2+]C3)nc(N3CCc4ccccc4C3)n1)C2,72.93886721711904,"c1ccc2c(c1)CCN(c1nc(NC3CC[NH2+]C3)nc(N3CCc4ccccc4C3)n1)C2 (protonated)
c1ccc2c(c1)CCN(c1nc(N[C@@H]3CC[NH2+]C3)nc(N3CCc4ccccc4C3)n1)C2 (chirality)
c1ccc2c(c1)CCN(c1nc(N[C@@H]3CC[NH2+]C3)nc(N3CCc4ccccc4C3)n1)C2 (3D coordinates assigned)
c1ccc2c(c1)CCN(c1nc(N[C@@H]3CC[NH2+]C3)nc(N3CCc4ccccc4C3)n1)C2 (nonaromatic ring conformer: 72.93886721711904 kcal/mol)",c1ccc2c(c1)CCN(c1nc(NC3CCNC3)nc(N3CCc4ccccc4C3)n1)C2,oracle,autodockgpu,-9.7300000000000004,energy,"{""free_energy"": -8.83, ""intermolecular_energy"": -10.02, ""internal_energy"": -1.4, ""cluster_size"": 1, ""cluster_id"": 2, ""rank_in_cluster"": 1}",-8.51,1.09,269.93,1
460,c1ccc2c(c1)CCN(c1nc(N[C@@H]3CC[NH2+]C3)nc(N3CCc4ccccc4C3)n1)C2,72.93886721711904,"c1ccc2c(c1)CCN(c1nc(NC3CC[NH2+]C3)nc(N3CCc4ccccc4C3)n1)C2 (protonated)
c1ccc2c(c1)CCN(c1nc(N[C@@H]3CC[NH2+]C3)nc(N3CCc4ccccc4C3)n1)C2 (chirality)
c1ccc2c(c1)CCN(c1nc(N[C@@H]3CC[NH2+]C3)nc(N3CCc4ccccc4C3)n1)C2 (3D coordinates assigned)
c1ccc2c(c1)CCN(c1nc(N[C@@H]3CC[NH2+]C3)nc(N3CCc4ccccc4C3)n1)C2 (nonaromatic ring conformer: 72.93886721711904 kcal/mol)",c1ccc2c(c1)CCN(c1nc(NC3CCNC3)nc(N3CCc4ccccc4C3)n1)C2,oracle,autodockgpu,-9.7300000000000004,energy,"{""free_energy"": -9.72, ""intermolecular_energy"": -10.91, ""internal_energy"": -1.41, ""cluster_size"": 19, ""cluster_id"": 1, ""rank_in_cluster"": 4}",-8.37,1.63,269.31,1
460,c1ccc2c(c1)CCN(c1nc(N[C@@H]3CC[NH2+]C3)nc(N3CCc4ccccc4C3)n1)C2,72.93886721711904,"c1ccc2c(c1)CCN(c1nc(NC3CC[NH2+]C3)nc(N3CCc4ccccc4C3)n1)C2 (protonated)
c1ccc2c(c1)CCN(c1nc(N[C@@H]3CC[NH2+]C3)nc(N3CCc4ccccc4C3)n1)C2 (chirality)
c1ccc2c(c1)CCN(c1nc(N[C@@H]3CC[NH2+]C3)nc(N3CCc4ccccc4C3)n1)C2 (3D coordinates assigned)
c1ccc2c(c1)CCN(c1nc(N[C@@H]3CC[NH2+]C3)nc(N3CCc4ccccc4C3)n1)C2 (nonaromatic ring conformer: 72.93886721711904 kcal/mol)",c1ccc2c(c1)CCN(c1nc(NC3CCNC3)nc(N3CCc4ccccc4C3)n1)C2,oracle,autodockgpu,-9.7300000000000004,energy,"{""free_energy"": -8.55, ""intermolecular_energy"": -9.74, ""internal_energy"": -1.43, ""cluster_size"": 19, ""cluster_id"": 1, ""rank_in_cluster"": 14}",-8.35,1.64,269.32,1
460,c1ccc2c(c1)CCN(c1nc(N[C@@H]3CC[NH2+]C3)nc(N3CCc4ccccc4C3)n1)C2,72.93886721711904,"c1ccc2c(c1)CCN(c1nc(NC3CC[NH2+]C3)nc(N3CCc4ccccc4C3)n1)C2 (protonated)
c1ccc2c(c1)CCN(c1nc(N[C@@H]3CC[NH2+]C3)nc(N3CCc4ccccc4C3)n1)C2 (chirality)
c1ccc2c(c1)CCN(c1nc(N[C@@H]3CC[NH2+]C3)nc(N3CCc4ccccc4C3)n1)C2 (3D coordinates assigned)
c1ccc2c(c1)CCN(c1nc(N[C@@H]3CC[NH2+]C3)nc(N3CCc4ccccc4C3)n1)C2 (nonaromatic ring conformer: 72.93886721711904 kcal/mol)",c1ccc2c(c1)CCN(c1nc(NC3CCNC3)nc(N3CCc4ccccc4C3)n1)C2,oracle,autodockgpu,-9.7300000000000004,energy,"{""free_energy"": -9.7, ""intermolecular_energy"": -10.89, ""internal_energy"": -1.43, ""cluster_size"": 19, ""cluster_id"": 1, ""rank_in_cluster"": 9}",-8.83,0.0,269.46,2
