Agent,Prior,Target,Score,SMILES,SMILES_state,QED,QED (raw),maize,maize (raw),step
33.0011,33.0011,-23.8830,0.0712350,Cn1cncc1C(=O)NC(C)(C)c1ccc(Cl)o1,1,0.9284654,0.9285,0.0054654,-5.2400,1
30.0048,30.0048,42.8301,0.5690223,CN(CCCNC(=O)c1cnn(-c2nccs2)c1-n1cccc1)c1ccccc1,1,0.4556907,0.4557,0.7105399,-7.8900,1
35.5087,35.5087,20.3549,0.4364351,COc1ccc(OC)c(NS(=O)(=O)c2cc([N+](=O)[O-])ccc2Sc2ccc3c(C)cc(=O)oc3c2)c1,1,0.1905627,0.1906,0.9995431,-10.8400,1
26.9062,26.9062,-15.1756,0.0916453,CCOC(=O)C1C(C)=NC(=O)NC1c1cc(Br)ccc1OCC(=O)N1CCCCC1,1,0.6310148,0.6310,0.0133101,-5.6300,1
31.0177,35.8107,19.8189,0.4346063,CCCCN(C(=O)c1oc2ccccc2c1NC(=O)CSCc1c(C)noc1C)c1c(N)n(CCCC)c(=O)[nH]c1=O,1,0.1997517,0.1998,0.9455871,-8.7400,2
23.9325,24.0792,-15.4522,0.0673987,NC(N)=NCCCC(NC(=O)C1Cc2ccccc2CN1)C(=O)O,1,0.2541750,0.2542,0.0178719,-5.7600,2
27.6276,24.5019,13.1314,0.2940105,COc1ccc(CC(=O)OCC(=O)Nc2cccc(S(=O)(=O)N(C)C)c2)cc1OC,1,0.5954514,0.5955,0.1451708,-6.7300,2
26.7706,24.2429,-1.4251,0.1782639,N#Cc1cccc(N2CC3CCCNC3C2)c1,1,0.7940811,0.7941,0.0400186,-6.1200,2
32.9189,34.3983,57.9342,0.7213478,CC(C)=CCc1ccc(OCc2cn(S(=O)(=O)c3ccccc3)nn2)cc1,1,0.5829016,0.5829,0.8926767,-8.4200,3
12.8057,33.9566,-13.6762,0.1584403,CN(C(=O)c1cnn(-c2ccco2)c1-n1cccc1)c1ccccc1,1,0.5743046,0.5743,0.0437108,-6.1600,3
11.4468,78.2523,-78.2523,0.0000000,CN(CCCNC(=O)c1cnn(-c2ccccc1)n1)cc1c(C)nn2-c1ccccc1,0,0.0000000,0.0000,0.0000000,0.0000,3
13.8522,18.8208,-10.5411,0.0646850,COCCn1c(-c2ccncc2)n[nH]c1=S,1,0.8200276,0.8200,0.0051025,-5.2100,3
26.3242,50.1800,-50.1800,0.0000000,Cn1cnc1C(=O)NC(C(N1CCC(C(O)=O)CC1)=O)c1cncnc1,0,0.0000000,0.0000,0.0000000,0.0000,4
20.8335,36.0627,-24.8896,0.0872901,Cn1cncc1N=c1nc[nH]c2ccn(C)c12,1,0.6712577,0.6713,0.0113512,-5.5600,4
49.6053,55.0986,-51.3165,0.0295482,COc1c(O)cc2c(c1OC)C(=O)C1C=C3C=CC(=O)C(=C(C)C)C31C(OC(N)=O)C2O,1,0.6049183,0.6049,0.0014433,-4.6600,4
26.4042,31.5984,-31.5984,0.0000000,c1cn(C)c(S(=O)(=O)c2ccccc2N)cn1,0,0.0000000,0.0000,0.0000000,0.0000,4
28.0913,37.6558,-26.3756,0.0881266,CCCCCCCCCCCCCCCCCCCCCOC1OCCNC1CC(=O)OCC,1,0.1125308,0.1125,0.0690148,-6.3700,5
11.8363,28.1202,32.1760,0.4710641,CN(CCCNC(=O)c1cnn2cccnc12)c1ccccc1,1,0.7073690,0.7074,0.3136997,-7.1600,5
26.2872,38.9088,-23.0379,0.1239913,COc1c(C)cc(C(C)=O)cc1C(=O)OC(C)C(C)(C)OC(C)=O,1,0.5865669,0.5866,0.0262099,-5.9300,5
16.3150,70.2826,-14.8759,0.4328645,COc1ccc(OC)c(NS(=O)(=O)c2cc([N+](=O)[O-])ccc2Sc2cnc3c(=O)[nH]cnc3c2-n2cnnn2)c1,1,0.1883779,0.1884,0.9946584,-9.7700,5
24.0382,58.7018,18.9871,0.6069444,CCn1cnnc1S(=O)(=O)N1CCN(c2ccc3nnn(-c4ccccc4)c3c2)C(=O)C1=O,1,0.3900735,0.3901,0.9443901,-8.7300,6
245.1295,36.4271,6.3897,0.3345065,CCCCn1nnnc1N(C)C(=O)CC1CCCCC1,1,0.8018309,0.8018,0.1395488,-6.7100,6
20.1528,26.1592,-13.8763,0.0959598,COc1ccc(NS(=O)(=O)CCCCn2ccnc2)c(OC)c1,1,0.7077325,0.7077,0.0130110,-5.6200,6
3.3358,35.0337,20.8300,0.4364351,COc1ccc(OC)c(NS(=O)(=O)c2cc([N+](=O)[O-])ccc2Sc2ccc3c(C)cc(=O)oc3c2)c1,1,0.1905627,0.1906,0.9995431,-10.8400,6
2.6836,30.0574,-18.3268,0.0916453,CCOC(=O)C1C(C)=NC(=O)NC1c1cc(Br)ccc1OCC(=O)N1CCCCC1,1,0.6310148,0.6310,0.0133101,-5.6300,7
16.9542,69.4912,-69.4912,0.0000000,CCOC(CCC(=O)Nc1cnn(-c2ccnnc2)n1-n1cnnn1)=O,0,0.0000000,0.0000,0.0000000,0.0000,7
34.7407,42.4209,-6.3538,0.2817742,COc1ccc(C(C)=O)c(OC)c1S(=O)(=O)N1CC(C)(C)C=CC1=O,1,0.7397903,0.7398,0.1073233,-6.5800,7
9.5013,27.7277,-22.3269,0.0421935,Cn1cncc1C(=O)n1ncnn1,1,0.5647581,0.5648,0.0031523,-5.0000,7
4.0551,34.3983,57.9342,0.7213478,CC(C)=CCc1ccc(OCc2cn(S(=O)(=O)c3ccccc3)nn2)cc1,1,0.5829016,0.5829,0.8926767,-8.4200,8
20.6843,36.4199,-33.1958,0.0251879,CCCCSSCCCCSSCCCCSCCCCCCCCCC(=O)O,1,0.0988970,0.0989,0.0064151,-5.3100,8
14.3405,33.5179,19.6209,0.4151474,Cn1cncc1S(=O)(=O)N1CCC(C)(C2CCCCC2)CC1,1,0.8584743,0.8585,0.2007601,-6.9000,8
13.8663,42.2479,-34.7248,0.0587743,Cn1cncc1S(=O)(=O)c1ncnnc1Cl,1,0.7592073,0.7592,0.0045500,-5.1600,8
22.4666,52.3222,-52.3222,0.0000000,CC(C)=CCn1nnc(=Cc2scnn2)[n+]1[O-],0,0.0000000,0.0000,0.0000000,0.0000,9
13.9191,34.6591,39.1975,0.5770052,CN(CCCNC(=O)Cn1cncn1)c1ccc(S(=O)(=O)N2CCCCC2)cc1,1,0.6098583,0.6099,0.5459219,-7.5800,9
9.0269,36.7458,-27.6277,0.0712350,Cn1cncc1C(=O)NC(C)(C)c1ccc(Cl)o1,1,0.9284654,0.9285,0.0054654,-5.2400,9
7.3532,24.3139,-12.5924,0.0915742,CC1CCN(S(=O)(=O)c2cncn2C)CC1,1,0.7731852,0.7732,0.0108458,-5.5400,9
11.3267,20.1602,-15.6497,0.0352386,CC(C)=C1CC(=O)NS1(=O)=O,1,0.5688418,0.5688,0.0021830,-4.8400,10
3.4731,34.3983,57.9342,0.7213478,CC(C)=CCc1ccc(OCc2cn(S(=O)(=O)c3ccccc3)nn2)cc1,1,0.5829016,0.5829,0.8926767,-8.4200,10
4.9222,33.6583,-10.1701,0.1835013,CN(C(=O)c1cnn(-c2nccs2)c1-n1cccc1)c1ccccc1,1,0.5673489,0.5673,0.0593510,-6.3000,10
12.9456,39.1954,-29.4553,0.0760939,Cc1noc(C2CCCCN2C(=O)Cn2ncn2C)n1,1,0.8236867,0.8237,0.0070297,-5.3500,10
3.1152,34.3983,57.9342,0.7213478,CC(C)=CCc1ccc(OCc2cn(S(=O)(=O)c3ccccc3)nn2)cc1,1,0.5829016,0.5829,0.8926767,-8.4200,11
13.6869,55.8939,-55.8939,0.0000000,CN(CCCCNC(=O)c1nn(C)cc1-n1nnnc1)=O,0,0.0000000,0.0000,0.0000000,0.0000,11
10.5539,29.2038,-22.8044,0.0499952,Cn1cncc1C(=O)NC(=O)c1ccnn1C,1,0.7233789,0.7234,0.0034553,-5.0400,11
4.2650,36.3857,-27.2676,0.0712350,Cn1cncc1C(=O)NC(C)(C)c1ccc(Cl)o1,1,0.9284654,0.9285,0.0054654,-5.2400,11
9.7057,29.5755,-25.5116,0.0317495,CC(=O)c1cnn(-c2nccs2)n1,1,0.6669815,0.6670,0.0015113,-4.6800,12
17.1446,26.7413,-17.7602,0.0701646,COc1ccc(CC(=O)OCC(=O)N=c2[nH]ccs2)c(OC)c1,1,0.8033475,0.8033,0.0061282,-5.2900,12
6.9579,46.9893,-46.9893,0.0000000,COc1ccc(OC)c1NS(=O)(=O)c1ccc([N+](=O)[O-])cc1N1CCCCC1,0,0.0000000,0.0000,0.0000000,0.0000,12
18.5255,46.3510,-46.3510,0.0000000,COc1cccc1C1CC(=O)N2CCc3c([nH]c4ccccc43)C2C1=O,0,0.0000000,0.0000,0.0000000,0.0000,12
17.1136,30.9520,-24.3579,0.0515162,CC(C#Cc1cccnc1)=CCc1cncn1C,1,0.7506218,0.7506,0.0035356,-5.0500,13
18.5055,49.3212,-36.1045,0.1032555,COc1coc(Br)c1COc1ccc(C)cc1CC=C(C)C,1,0.6384699,0.6385,0.0166988,-5.7300,13
2.3369,34.3983,57.9342,0.7213478,CC(C)=CCc1ccc(OCc2cn(S(=O)(=O)c3ccccc3)nn2)cc1,1,0.5829016,0.5829,0.8926767,-8.4200,13
7.0853,27.8271,32.4691,0.4710641,CN(CCCNC(=O)c1cnn2cccnc12)c1ccccc1,1,0.7073690,0.7074,0.3136997,-7.1600,13
27.9117,45.2934,-29.7487,0.1214428,CC#CC(=O)N(CCCC)CC(=O)OCC(=O)NC(=O)NC(C)(C)CC,1,0.4705159,0.4705,0.0313451,-6.0100,14
33.7279,72.8894,-72.8894,0.0000000,CC(=C1C(C)(C)c2ccccc2N1C(=O)c1ccc([N+](=O)[O-])cc1Sc1ccc2c(C)cc(=O)oc21)c1cnn(-c2ccccc2)c1,0,0.0000000,0.0000,0.0000000,0.0000,14
15.4798,45.3056,-45.3056,0.0000000,CN(CC(=O)NCCc1ccc(S(=O)(=O)N2CCCCC2)cc1)=O,0,0.0000000,0.0000,0.0000000,0.0000,14
20.4452,47.9107,-1.9151,0.3593403,COc1cc(NS(=O)(=O)c2cc([N+](=O)[O-])ccc2Oc2ccc3c(C)cc(=O)oc3c2)c(C(C)=O)cc1OC,1,0.1311719,0.1312,0.9843984,-9.3000,14
25.6834,42.2929,-42.2929,0.0000000,CCOC(=O)C1=C(c2ccccc2)N=C2N(C1c1ccccc1)C(C)=CC=2OCC,0,0.0000000,0.0000,0.0000000,0.0000,15
12.1374,31.7708,-31.7708,0.0000000,CCc1cnc(OC)n1,0,0.0000000,0.0000,0.0000000,0.0000,15
22.9493,38.1008,-34.5766,0.0275323,CCOC(=O)N(C)N(C)CCCN=C1CCCCC1,1,0.5499245,0.5499,0.0013784,-4.6400,15
18.8428,34.7273,2.0848,0.2875940,COc1cccc(N(C)CCCNC(=O)CNC(=O)c2ccc(Br)o2)c1,1,0.6045773,0.6046,0.1368068,-6.7000,15
21.9839,31.0279,-4.1495,0.2099877,CC(=O)C1(C)CCCC2(C)C1=CCc1c(O)ccc(O)c12,1,0.6121469,0.6121,0.0720331,-6.3900,16
2.9485,30.0574,-18.3268,0.0916453,CCOC(=O)C1C(C)=NC(=O)NC1c1cc(Br)ccc1OCC(=O)N1CCCCC1,1,0.6310148,0.6310,0.0133101,-5.6300,16
8.9820,37.7657,30.3663,0.5322807,CN(CCNC(=O)Cn1cncn1)c1ccc(S(=O)(=O)N2CCCCC2)cc1,1,0.6928486,0.6928,0.4089245,-7.3400,16
12.8287,64.9346,-64.9346,0.0000000,COc1ccc(OC)c1NS(=O)(=O)c1cccc(S(=O)(=O)O)c1Sc1ccc2c(C)cc(=O)oc2c1,0,0.0000000,0.0000,0.0000000,0.0000,16
9.4626,20.9121,-16.3152,0.0359135,CC(C)=CCc1cccc(O)c1,1,0.6627928,0.6628,0.0019460,-4.7900,17
11.4504,38.0296,-38.0296,0.0000000,CN(C(=O)CC(C)(C)c1ccccc1)=O,0,0.0000000,0.0000,0.0000000,0.0000,17
20.7440,70.5450,-70.5450,0.0000000,CN(CCCNC(=O)C(=O)NCCc1ccc(SC)c2cccc12)c1ccc(S(=O)(=O)N2CCCCC2)cc1,0,0.0000000,0.0000,0.0000000,0.0000,17
12.8574,44.2835,-44.2835,0.0000000,CN(CCCNCCCNCC(=O)N1CCCCCC1)=O,0,0.0000000,0.0000,0.0000000,0.0000,17
2.9051,34.3983,57.9342,0.7213478,CC(C)=CCc1ccc(OCc2cn(S(=O)(=O)c3ccccc3)nn2)cc1,1,0.5829016,0.5829,0.8926767,-8.4200,18
6.3977,26.2781,-12.9096,0.1044407,CCOC(=O)COc1ccc(Br)cc1C1NC(=O)N=C(C)C1C(=O)OCC,1,0.6532104,0.6532,0.0166988,-5.7300,18
3.3289,38.0136,35.8430,0.5770052,CN(CCCNC(=O)Cn1cncn1)c1ccc(S(=O)(=O)N2CCCCC2)cc1,1,0.6098583,0.6099,0.5459219,-7.5800,18
13.2095,23.6577,-21.7095,0.0152208,CCn1nnc(CCOC)n1,1,0.6096033,0.6096,0.0003800,-4.0800,18
16.6569,27.7564,-14.8192,0.1010718,C=C1c2ccccc2OC1CCCCCCCC,1,0.5980575,0.5981,0.0170811,-5.7400,19
13.8605,50.9544,-50.9544,0.0000000,CN(CCCNC(=O)Cn1[nH]c(=O)n(C)c1N)c1ccccc1,0,0.0000000,0.0000,0.0000000,0.0000,19
16.4572,72.0411,-72.0411,0.0000000,CN(CCCNC(=O)c1cnn(-c2ncnn2)cc1-n1cccc1)c1cccc(OC)c1,0,0.0000000,0.0000,0.0000000,0.0000,19
14.0614,25.3452,10.9656,0.2836784,COc1ccc(CC(=O)OCCCC2CCCCC2)cc1OC,1,0.5330086,0.5330,0.1509796,-6.7500,19
10.9603,38.9250,40.6741,0.6218675,CN(CCCNC(=O)Cn1nnc2ccccc21)c1ccc(S(=O)(=O)N2CCCCC2)cc1,1,0.4816476,0.4816,0.8029090,-8.1100,20
3.9297,38.0136,35.8431,0.5770052,CN(CCCNC(=O)Cn1cncn1)c1ccc(S(=O)(=O)N2CCCCC2)cc1,1,0.6098583,0.6099,0.5459219,-7.5800,20
17.9395,56.2346,6.6152,0.4910142,COc1cc(CC(C)=O)c(OC)c(Sc2ccc3c(C)cc(=O)oc3c2OS(C)(=O)=O)c1OC,1,0.3122471,0.3122,0.7721286,-8.0300,20
13.3977,58.6169,-58.6169,0.0000000,COc1ccc(OC)c(NS(=O)(=O)c2ccc(NS(=O)(=O)c3ccccc3Sc3ccccc3OC)c2)c1,0,0.0000000,0.0000,0.0000000,0.0000,20
3.1070,34.3983,57.9342,0.7213478,CC(C)=CCc1ccc(OCc2cn(S(=O)(=O)c3ccccc3)nn2)cc1,1,0.5829016,0.5829,0.8926767,-8.4200,21
8.2973,28.8478,-17.5234,0.0884717,CCCCn1ncnc1S(=O)(=O)N1CCCCC1,1,0.8087811,0.8088,0.0096778,-5.4900,21
18.1077,82.0353,-82.0353,0.0000000,CCCN(CCCNC(=O)Cn1cncn1)c1c(N)n(CC)cnc1-c1ccccc1,0,0.0000000,0.0000,0.0000000,0.0000,21
4.3277,28.1202,32.1760,0.4710641,CN(CCCNC(=O)c1cnn2cccnc12)c1ccccc1,1,0.7073690,0.7074,0.3136997,-7.1600,21
37.2356,68.8137,-68.7532,0.0004728,CC(C)=CC(C)(C)OCCCCCCCCCCCCCCCCCCCCCC(=O)C#CC1(C)CCCCCCCCC1,1,0.0468895,0.0469,0.0000048,-2.1800,22
2.7144,34.3983,57.9342,0.7213478,CC(C)=CCc1ccc(OCc2cn(S(=O)(=O)c3ccccc3)nn2)cc1,1,0.5829016,0.5829,0.8926767,-8.4200,22
22.7973,34.7846,-16.0842,0.1460964,CCNC(=O)c1c[nH]nc1-n1nnc2ccccc21,1,0.7281145,0.7281,0.0293143,-5.9800,22
2.5154,34.3983,57.9342,0.7213478,CC(C)=CCc1ccc(OCc2cn(S(=O)(=O)c3ccccc3)nn2)cc1,1,0.5829016,0.5829,0.8926767,-8.4200,23
9.6894,39.9296,-39.9296,0.0000000,CC(C)=CCc1cn(S(=O)(=O)c2ccccc2)n1,0,0.0000000,0.0000,0.0000000,0.0000,23
22.5406,62.6616,-45.4337,0.1345930,CCn1cnn1-c1cnn(CC(=O)NC(C)(C)OC)n1,1,0.7392975,0.7393,0.0245034,-5.9000,23
21.3925,33.0987,3.2899,0.2842862,CCn1cnnc1N1C(=N)SC(=Cc2ccc(OC)cc2)C1=O,1,0.8706079,0.8706,0.0928301,-6.5100,23
20.6603,46.7258,10.6933,0.4485862,COc1cc([N+](=O)[O-])ccc1COc1ccc(CC=C(C)C)c(OCCc2ccncc2)c1,1,0.2122880,0.2123,0.9479086,-8.7600,24
2.5313,34.3983,57.9342,0.7213478,CC(C)=CCc1ccc(OCc2cn(S(=O)(=O)c3ccccc3)nn2)cc1,1,0.5829016,0.5829,0.8926767,-8.4200,24
24.3157,51.3116,-21.3535,0.2340484,CCCCNc1c(C(=O)NCCCN(C)c2ccc(NC(=O)CC#N)cc2)oc2ccccc12,1,0.3357171,0.3357,0.1631690,-6.7900,24
11.3315,39.7168,53.7761,0.7304132,Cc1nc2ccccc2n1CC(=O)NCCN(C)c1ccc(S(=O)(=O)N2CCCCC2)cc1,1,0.5481974,0.5482,0.9731960,-9.0600,24
3.3131,38.0136,35.8431,0.5770052,CN(CCCNC(=O)Cn1cncn1)c1ccc(S(=O)(=O)N2CCCCC2)cc1,1,0.6098583,0.6099,0.5459219,-7.5800,25
7.7069,39.7168,53.7761,0.7304132,Cc1nc2ccccc2n1CC(=O)NCCN(C)c1ccc(S(=O)(=O)N2CCCCC2)cc1,1,0.5481974,0.5482,0.9731960,-9.0600,25
14.1505,36.8983,27.9032,0.5062613,CN(CCNC(=O)Cn1ncn1-c1ccccc1)c1ccccc1,1,0.7226910,0.7227,0.3546474,-7.2400,25
3.5461,35.0337,20.8300,0.4364351,COc1ccc(OC)c(NS(=O)(=O)c2cc([N+](=O)[O-])ccc2Sc2ccc3c(C)cc(=O)oc3c2)c1,1,0.1905627,0.1906,0.9995431,-10.8400,25
3.6308,38.0136,35.8431,0.5770052,CN(CCCNC(=O)Cn1cncn1)c1ccc(S(=O)(=O)N2CCCCC2)cc1,1,0.6098583,0.6099,0.5459219,-7.5800,26
4.0573,57.1244,-57.1244,0.0000000,CN(CCNC(=O)c1cnn(-c2nccs2)c1-n1ccccc1)c1ccccc1,0,0.0000000,0.0000,0.0000000,0.0000,26
5.0207,27.2474,8.5737,0.2798523,CN(CCNC(=O)c1cnn2cccnc12)c1ccccc1,1,0.7763205,0.7763,0.1008827,-6.5500,26
6.8198,42.8429,-42.8429,0.0000000,COc1ccc(OC)c(NS(=O)(=O)c2cc([N+](=O)[O-])cc([N+](=O)[O-])c2)cc1,0,0.0000000,0.0000,0.0000000,0.0000,26
2.7725,34.3983,57.9342,0.7213478,CC(C)=CCc1ccc(OCc2cn(S(=O)(=O)c3ccccc3)nn2)cc1,1,0.5829016,0.5829,0.8926767,-8.4200,27
19.6491,44.5790,44.4824,0.6957924,CCn1cnnc1N1C(=N)N(Cc2ccccc2)C(=Cc2cccc(Br)c2)C1=O,1,0.5976175,0.5976,0.8100952,-8.1300,27
8.4114,30.7965,7.0877,0.2959701,CCn1cnnc1S(=O)(=O)N1CCN(c2ccccc2)CC1,1,0.8331803,0.8332,0.1051372,-6.5700,27
13.3400,26.5773,-23.4148,0.0247072,COc1cc(CC=C(C)C)c(OC)c(OC)c1,1,0.7345835,0.7346,0.0008310,-4.4200,28
15.4417,25.0417,-19.2560,0.0452004,CCCCN=c1[nH]nnn1CCCC,1,0.6943200,0.6943,0.0029426,-4.9700,28
4.2231,37.7657,30.3663,0.5322807,CN(CCNC(=O)Cn1cncn1)c1ccc(S(=O)(=O)N2CCCCC2)cc1,1,0.6928486,0.6928,0.4089245,-7.3400,28
13.5765,38.0262,26.1723,0.5015508,COc1ccc(NC(=O)Cn2ncnc2SCc2ccccc2[N+](=O)[O-])cc1,1,0.3516983,0.3517,0.7152528,-7.9000,28
2.5554,34.3983,57.9342,0.7213478,CC(C)=CCc1ccc(OCc2cn(S(=O)(=O)c3ccccc3)nn2)cc1,1,0.5829016,0.5829,0.8926767,-8.4200,29
6.9054,29.8812,-18.1507,0.0916453,CCOC(=O)C1C(C)=NC(=O)NC1c1cc(Br)ccc1OCC(=O)N1CCCCC1,1,0.6310148,0.6310,0.0133101,-5.6300,29
14.9547,55.5235,-55.5235,0.0000000,CCOC1OCCCc1ccc(OCc2cn(S(=O)(=O)c3ccccc3)nn2)cc1,0,0.0000000,0.0000,0.0000000,0.0000,29
15.5831,50.0478,-12.9025,0.2901976,CCn1cnnc1Nc1ccc2oc3ccccc3c2c1N1CCNCC1,1,0.5801075,0.5801,0.1451708,-6.7300,29
13.6771,27.6966,14.1616,0.3270171,COc1ccc(C(=O)NCC(=O)NCCN(C)c2ccccc2)cc1,1,0.7663282,0.7663,0.1395488,-6.7100,30
3.7302,36.8983,27.9032,0.5062613,CN(CCNC(=O)Cn1ncn1-c1ccccc1)c1ccccc1,1,0.7226910,0.7227,0.3546474,-7.2400,30
4.4603,37.2634,54.5491,0.7172850,CN(CCNC(=O)Cn1nnc2ccccc21)c1ccc(S(=O)(=O)N2CCCCC2)cc1,1,0.5553658,0.5554,0.9264125,-8.6000,30
15.6421,54.2215,-5.0729,0.3839732,CCOc1ccc(N(C)CCNC(=O)Cn2ncn2-c2ccc(S(=O)(=O)N3CCCCC3)cc2)cc1,1,0.4219732,0.4220,0.3493953,-7.2300,30
36.4074,189.3067,-189.3067,0.0000000,CC(C)=CCc1ccc(OCc2cn(S(=O)(=O)c2ccccc1)=O)N(CCN(CCN=Cc1ccc(C)o1)c1ccccc1)n1N=Nc2cccc2COC(=O)C,0,0.0000000,0.0000,0.0000000,0.0000,31
12.7931,32.2014,-21.0519,0.0871055,CCn1cnnc1N(CC#N)c1ccccc1,1,0.7490542,0.7491,0.0101293,-5.5100,31
23.1111,71.8848,-71.8848,0.0000000,CN(CCNC(=O)Cn1cncn1)c1cc(OCC2CCn3ccnc32)nn1,0,0.0000000,0.0000,0.0000000,0.0000,31
13.5719,30.2472,-28.5874,0.0129670,CN(C#N)C(=O)c1cncn1C,1,0.4323347,0.4323,0.0003889,-4.0900,31
18.0206,28.7770,-26.2002,0.0201316,CCOC(=O)NCCNC(=O)CN1CCCCC1,1,0.6729517,0.6730,0.0006022,-4.2800,32
9.0644,48.6807,1.2286,0.3899165,CCn1cnnc1N1C(=N)N(Cc2ccccc2)C(=Cc2ccc([N+](=O)[O-])o2)C1=O,1,0.3769109,0.3769,0.4033708,-7.3300,32
10.0981,70.4965,-70.4965,0.0000000,CCn1cnnc1N1C(=O)C(=Cc2ccccc2OCC(=O)OC)n[nH]1,0,0.0000000,0.0000,0.0000000,0.0000,32
17.9812,78.6283,-78.6283,0.0000000,Cn1cnnc1N1CCN(c2nncn3C)ccc2CC1C,0,0.0000000,0.0000,0.0000000,0.0000,32
2.8996,30.0574,-18.3268,0.0916453,CCOC(=O)C1C(C)=NC(=O)NC1c1cc(Br)ccc1OCC(=O)N1CCCCC1,1,0.6310148,0.6310,0.0133101,-5.6300,33
14.9118,80.6017,-42.0284,0.3013538,CCOC(=O)C1=C(C)OC(=Cc2ccccc2)C12NC(=N)N(c1nncn1CC)C2=O,1,0.7047929,0.7048,0.1288522,-6.6700,33
19.2182,51.6589,-14.9890,0.2864834,CCCCCCn1ncc(C(=O)OCC)c1NCC(=O)NCCN(C)c1ccccc1,1,0.3538410,0.3538,0.2319480,-6.9800,33
2.0045,36.3857,-27.2676,0.0712350,Cn1cncc1C(=O)NC(C)(C)c1ccc(Cl)o1,1,0.9284654,0.9285,0.0054654,-5.2400,33
18.5796,29.6976,26.5963,0.4397957,CC(=O)Nc1ccc(CN(C)c2ccccc2)cc1[N+](=O)[O-],1,0.6792703,0.6793,0.2847472,-7.1000,34
12.6671,25.4945,-1.9495,0.1839453,COc1ccc([N+](=O)[O-])cc1OCc1ccccc1C#N,1,0.6218359,0.6218,0.0544128,-6.2600,34
12.6398,32.4022,-9.0376,0.1825363,COc1cccc(N(C)CCCNC(=O)CNC(=O)c2ccccc2OC)c1,1,0.6123462,0.6123,0.0544128,-6.2600,34
1.9425,36.3857,-27.2676,0.0712350,Cn1cncc1C(=O)NC(C)(C)c1ccc(Cl)o1,1,0.9284654,0.9285,0.0054654,-5.2400,34
28.2518,65.6615,-43.1542,0.1758385,CCn1cnnc1N(C(=O)CN(C)c1cnn(CCC(C)(C)C)c1C)C(C)(C)C,1,0.7073571,0.7074,0.0437108,-6.1600,35
7.2258,29.9435,72.1309,0.7974566,CN(C(=O)Cn1nnc2ccccc21)c1ccc(S(=O)(=O)N2CCCCC2)cc1,1,0.6402366,0.6402,0.9932846,-9.6700,35
11.3885,46.2000,18.2641,0.5036258,CN(CCCNC(=O)Cn1nnc2scnc21)c1ccccc1,1,0.6649932,0.6650,0.3814158,-7.2900,35
7.3661,52.0173,-52.0173,0.0000000,Cn1cncc1C(=O)NC(C)(C)(C)c1ccc(Cl)o1,0,0.0000000,0.0000,0.0000000,0.0000,35
23.2110,34.6434,-19.4885,0.1183977,C=c1c(=O)n(C)c2nn(C)c3cccc1c32,1,0.5469681,0.5470,0.0256286,-5.9200,36
10.8935,49.5386,-49.5386,0.0000000,COc1cc(NC(=O)Cn2ncnc2SCc2ccc([N+](=O)[O-])cc2)cc1,0,0.0000000,0.0000,0.0000000,0.0000,36
10.3708,21.2782,33.1874,0.4255120,COc1ccc(C(C)=NNC(=O)CCc2ccccc2)cc1,1,0.6572981,0.6573,0.2754617,-7.0800,36
11.8110,50.7970,-50.7970,0.0000000,COc1ccc(CC(=O)c2ccc(OCc3cn(S(=O)(=O)c4ccccc4)nn3)c2)cc1OC,0,0.0000000,0.0000,0.0000000,0.0000,36
5.0661,35.3843,42.7123,0.6101303,CN(CCCNC(=O)Cn1ncn1-c1ccccc1)c1ccccc1,1,0.6419370,0.6419,0.5798997,-7.6400,37
3.6965,37.2634,54.5491,0.7172850,CN(CCNC(=O)Cn1nnc2ccccc21)c1ccc(S(=O)(=O)N2CCCCC2)cc1,1,0.5553658,0.5554,0.9264125,-8.6000,37
3.2844,35.0337,20.8300,0.4364351,COc1ccc(OC)c(NS(=O)(=O)c2cc([N+](=O)[O-])ccc2Sc2ccc3c(C)cc(=O)oc3c2)c1,1,0.1905627,0.1906,0.9995431,-10.8400,37
14.5803,48.8440,-48.8440,0.0000000,Cn1cncc1C(=O)NC(C)(=O)N1CCC(C)CC1,0,0.0000000,0.0000,0.0000000,0.0000,37
2.2821,41.2001,31.6347,0.5690223,CN(CCCNC(=O)c1cnn(-c2nccs2)c1-n1cccc1)c1ccccc1,1,0.4556907,0.4557,0.7105399,-7.8900,38
3.6414,37.2634,54.5491,0.7172850,CN(CCNC(=O)Cn1nnc2ccccc21)c1ccc(S(=O)(=O)N2CCCCC2)cc1,1,0.5553658,0.5554,0.9264125,-8.6000,38
4.2387,40.4167,26.2882,0.5211321,CN(CCNC(=O)c1cnn(-c2nccs2)c1-n1cccc1)c1ccccc1,1,0.5250305,0.5250,0.5172626,-7.5300,38
13.0606,26.9565,-20.1417,0.0532410,Cc1nc(CN(C)c2ccccc2)co1,1,0.7657722,0.7658,0.0037016,-5.0700,38
14.9541,46.3205,-46.3205,0.0000000,CN(C(=O)C1CC1)c1ccc(N(C)c2ccccc2)n1,0,0.0000000,0.0000,0.0000000,0.0000,39
3.7924,36.3857,-27.2676,0.0712350,Cn1cncc1C(=O)NC(C)(C)c1ccc(Cl)o1,1,0.9284654,0.9285,0.0054654,-5.2400,39
11.4616,59.9591,-59.9591,0.0000000,Cncccc1C(=O)NC(C)(C)c1ccc(Cl)o1,0,0.0000000,0.0000,0.0000000,0.0000,39
19.4987,34.9667,-28.6165,0.0496112,C#CCC(=Cc1ccccc1)N(C)C(=O)OC,1,0.7457558,0.7458,0.0033004,-5.0200,40
6.1314,33.6583,-10.1701,0.1835013,CN(C(=O)c1cnn(-c2nccs2)c1-n1cccc1)c1ccccc1,1,0.5673489,0.5673,0.0593510,-6.3000,40
9.2338,53.1599,-53.1599,0.0000000,CN(CCCNC(=O)Cn1nnc2c1cccc1)cccc2,0,0.0000000,0.0000,0.0000000,0.0000,40
3.8938,46.2000,18.2641,0.5036258,CN(CCCNC(=O)Cn1nnc2scnc21)c1ccccc1,1,0.6649932,0.6650,0.3814158,-7.2900,40
4.3877,55.9705,25.7743,0.6386315,CN(CCCNC(=O)Cn1nnc2scnc21)c1ccc(S(=O)(=O)N2CCCCC2)cc1,1,0.4668025,0.4668,0.8737105,-8.3400,41
7.6075,57.9324,-57.9324,0.0000000,CN(CCNC(=O)Cn1ncn1-c1ccccc2ccccc12)c1ccccc1,0,0.0000000,0.0000,0.0000000,0.0000,41
24.1546,33.4172,-8.9986,0.1907704,COc1ccc(C(=Nc2ccc(OC)cc2N)Nc2ccccc2OC)cc1,1,0.3760356,0.3760,0.0967816,-6.5300,41
19.4934,33.1900,14.6496,0.3737469,C=C(CCCC(=O)c1ccc(OC)c(OC)c1)c1ccc(C)cc1,1,0.6353141,0.6353,0.2198703,-6.9500,41
2.8604,30.0574,-18.3268,0.0916453,CCOC(=O)C1C(C)=NC(=O)NC1c1cc(Br)ccc1OCC(=O)N1CCCCC1,1,0.6310148,0.6310,0.0133101,-5.6300,42
13.2792,27.6232,-18.9609,0.0676740,CCn1cnnc1COc1ccc([N+](=O)[O-])cc1,1,0.5945715,0.5946,0.0077026,-5.3900,42
12.2565,26.4539,87.9943,0.8941265,CN(C(=O)Nc1ccccc1)c1ccc(S(=O)(=O)N2CCCCC2)cc1,1,0.8912528,0.8913,0.8970094,-8.4400,42
21.4133,44.5106,-26.1120,0.1437393,COc1cc([N+](=O)[O-])c([N+](=O)[O-])cc1OCCCCCCCCCCCCCCc1ccccc1O,1,0.1195507,0.1196,0.1728220,-6.8200,42
22.7263,23.4479,-4.8462,0.1453259,C=CCc1c(C)[nH]c2ccc(C)cc12,1,0.6889811,0.6890,0.0306534,-6.0000,43
20.5452,71.7020,-71.7020,0.0000000,CN(CCCNC(=O)c1cc(C)ccc1OCc1ccccc2ccccc21)c1ccc(S(=O)(=O)N2CCCCC2)cc1,0,0.0000000,0.0000,0.0000000,0.0000,43
2.7307,37.2634,54.5491,0.7172850,CN(CCNC(=O)Cn1nnc2ccccc21)c1ccc(S(=O)(=O)N2CCCCC2)cc1,1,0.5553658,0.5554,0.9264125,-8.6000,43
2.8136,29.9435,72.1309,0.7974566,CN(C(=O)Cn1nnc2ccccc21)c1ccc(S(=O)(=O)N2CCCCC2)cc1,1,0.6402366,0.6402,0.9932846,-9.6700,44
9.2737,34.9871,-9.4412,0.1995774,CCCCn1c(N)c(N(C)CCCNC(=O)Cn2cncn2)c(=O)[nH]c1=O,1,0.4569146,0.4569,0.0871742,-6.4800,44
3.2133,41.2001,31.6347,0.5690223,CN(CCCNC(=O)c1cnn(-c2nccs2)c1-n1cccc1)c1ccccc1,1,0.4556907,0.4557,0.7105399,-7.8900,44
10.0436,23.1018,27.8050,0.3977088,COc1ccc(CC(=O)OCC(=O)Nc2cccc(C)c2)cc1,1,0.8329032,0.8329,0.1899048,-6.8700,44
12.5233,35.8513,12.8324,0.3803412,CCCCN(C(=O)c1oc2ccccc2c1NC(=O)CSc1ccc([N+](=O)[O-])cc1)c1ccccc1,1,0.1500340,0.1500,0.9641774,-8.9300,45
17.6136,31.0062,12.6274,0.3408880,CCn1cc(C(=O)NCC(=O)NCCc2ccccc2)cn1,1,0.8004685,0.8005,0.1451708,-6.7300,45
2.1678,29.9435,72.1310,0.7974566,CN(C(=O)Cn1nnc2ccccc21)c1ccc(S(=O)(=O)N2CCCCC2)cc1,1,0.6402366,0.6402,0.9932846,-9.6700,45
9.8737,24.7661,-9.6238,0.1182984,CN(C(=O)c1ccc(Cl)o1)c1ccccc1,1,0.8009644,0.8010,0.0174721,-5.7500,45
1.6391,29.9435,72.1309,0.7974566,CN(C(=O)Cn1nnc2ccccc21)c1ccc(S(=O)(=O)N2CCCCC2)cc1,1,0.6402366,0.6402,0.9932846,-9.6700,46
5.8230,26.6230,50.9770,0.6062496,CN(C(=O)c1ccncc1)c1ccc(S(=O)(=O)N2CCCCC2)cc1,1,0.8410201,0.8410,0.4370152,-7.3900,46
4.5616,37.7657,30.3663,0.5322807,CN(CCNC(=O)Cn1cncn1)c1ccc(S(=O)(=O)N2CCCCC2)cc1,1,0.6928486,0.6928,0.4089245,-7.3400,46
11.0314,40.2884,14.0999,0.4249080,C=CCN(C(=O)c1oc2ccccc2c1NC(=O)CSCc1c(C)noc1C)c1c(N)n(CCCC)c(=O)[nH]c1=O,1,0.2098280,0.2098,0.8604512,-8.2900,47
6.2778,37.3286,18.3011,0.4346063,CCCCN(C(=O)c1oc2ccccc2c1NC(=O)CSCc1c(C)noc1C)c1c(N)n(CCCC)c(=O)[nH]c1=O,1,0.1997517,0.1998,0.9455871,-8.7400,47
4.7281,30.1678,68.5261,0.7710459,CN(C(=O)c1ccc(S(=O)(=O)N2CCCCC2)cc1)c1ccc(S(=O)(=O)N2CCCCC2)cc1,1,0.6003216,0.6003,0.9903222,-9.5100,47
4.1957,38.3095,41.2895,0.6218675,CN(CCCNC(=O)Cn1nnc2ccccc21)c1ccc(S(=O)(=O)N2CCCCC2)cc1,1,0.4816476,0.4816,0.8029090,-8.1100,47
9.6129,32.7905,-29.8083,0.0232985,CCOC(=O)C1C(C)=NC(=O)NC1c1cc(Br)ccc1OCC(=O)N1CCCCCC1,1,0.6096128,0.6096,0.0008904,-4.4500,48
1.4290,29.9435,72.1310,0.7974566,CN(C(=O)Cn1nnc2ccccc21)c1ccc(S(=O)(=O)N2CCCCC2)cc1,1,0.6402366,0.6402,0.9932846,-9.6700,48
12.0976,29.9102,33.1177,0.4924052,COc1ccc(CC(=O)OCC(=O)Nc2ccc(S(=O)(=O)N(C)C)cc2)cc1[N+](=O)[O-],1,0.3435382,0.3435,0.7057815,-7.8800,48
14.0202,35.7201,74.2809,0.8593823,Cn1cncc1C(=O)NC(C)(C)c1ccc(S(=O)(=O)N2CCCCC2)cn1,1,0.8358961,0.8359,0.8835284,-8.3800,48
6.6511,44.1758,24.2185,0.5343305,CCn1cnnc1N1C(=N)N(Cc2ccccc2)C(=Cc2ccccc2)C1=O,1,0.6981951,0.6982,0.4089245,-7.3400,49
1.5165,29.9435,72.1310,0.7974566,CN(C(=O)Cn1nnc2ccccc21)c1ccc(S(=O)(=O)N2CCCCC2)cc1,1,0.6402366,0.6402,0.9932846,-9.6700,49
35.7634,46.5260,40.9580,0.6834684,CC(=O)N1C(C(=O)N(C)CCc2ccc(S(=O)(=O)Nc3ccccc3)cc2)CSC1c1ccccc1,1,0.4794158,0.4794,0.9743714,-9.0800,49
11.7073,38.0188,-38.0188,0.0000000,COc1cc(Br)o1,0,0.0000000,0.0000,0.0000000,0.0000,49
1.5333,29.9435,72.1309,0.7974566,CN(C(=O)Cn1nnc2ccccc21)c1ccc(S(=O)(=O)N2CCCCC2)cc1,1,0.6402366,0.6402,0.9932846,-9.6700,50
7.4467,26.4604,46.0354,0.5663730,CN(C(=O)c1cccnc1)c1ccc(S(=O)(=O)N2CCCCC2)cc1,1,0.8410201,0.8410,0.3814158,-7.2900,50
3.9141,35.0337,20.8300,0.4364351,COc1ccc(OC)c(NS(=O)(=O)c2cc([N+](=O)[O-])ccc2Sc2ccc3c(C)cc(=O)oc3c2)c1,1,0.1905627,0.1906,0.9995431,-10.8400,50
1.5644,29.9435,72.1310,0.7974566,CN(C(=O)Cn1nnc2ccccc21)c1ccc(S(=O)(=O)N2CCCCC2)cc1,1,0.6402366,0.6402,0.9932846,-9.6700,51
9.6880,32.3423,56.0619,0.6906573,CN(C(=O)c1ccc(S(=O)(=O)NCc2ccccc2)cc1)c1ccc(S(=O)(=O)N2CCCCC2)cc1,1,0.4820024,0.4820,0.9896372,-9.4800,51
4.8886,28.1202,32.1760,0.4710641,CN(CCCNC(=O)c1cnn2cccnc12)c1ccccc1,1,0.7073690,0.7074,0.3136997,-7.1600,51
9.6089,52.5302,27.1213,0.6222776,CN(CCNC(=O)CNC(=O)c1ccc(S(=O)(=O)N2CCCCC2)cc1)c1ccc(S(=O)(=O)N2CCCCC2)cc1,1,0.4000518,0.4001,0.9679482,-8.9800,51
9.7813,31.1352,-14.6510,0.1287829,CCn1cnnc1S(=O)(=O)Nc1ccc(C)cc1,1,0.9072550,0.9073,0.0182804,-5.7700,52
1.7295,29.9435,72.1309,0.7974566,CN(C(=O)Cn1nnc2ccccc21)c1ccc(S(=O)(=O)N2CCCCC2)cc1,1,0.6402366,0.6402,0.9932846,-9.6700,52
11.4648,27.2947,-14.6307,0.0989381,CN(C(=O)c1cccnc1)C(C)(C)c1ccccc1,1,0.8429431,0.8429,0.0116126,-5.5700,52
3.6298,38.0136,35.8431,0.5770052,CN(CCCNC(=O)Cn1cncn1)c1ccc(S(=O)(=O)N2CCCCC2)cc1,1,0.6098583,0.6099,0.5459219,-7.5800,52
8.6044,48.3973,0.1044,0.3789188,CCn1cnnc1N1C(=N)N(Cc2ccccc2)C(=Cc2ccccc2Br)C1=O,1,0.5976175,0.5976,0.2402531,-7.0000,53
3.9945,37.2634,54.5491,0.7172850,CN(CCNC(=O)Cn1nnc2ccccc21)c1ccc(S(=O)(=O)N2CCCCC2)cc1,1,0.5553658,0.5554,0.9264125,-8.6000,53
8.2173,23.0790,45.2487,0.5338104,COc1ccc(CC(=O)OCC(=O)Nc2cccc(S(=O)(=O)N(C)C)c2)cc1,1,0.6693455,0.6693,0.4257197,-7.3700,53
14.9517,35.5782,7.4283,0.3359876,COc1ccc(OC)c(OC)c1NS(=O)(=O)c1ccc2c(C)cc(=O)oc2c1,1,0.6288839,0.6289,0.1795048,-6.8400,53
13.5506,58.4772,-58.4772,0.0000000,C=CCc1nn2ccccc2n1CC(=O)NCCN(C)c1ccccc1,0,0.0000000,0.0000,0.0000000,0.0000,54
2.7894,38.3095,41.2895,0.6218675,CN(CCCNC(=O)Cn1nnc2ccccc21)c1ccc(S(=O)(=O)N2CCCCC2)cc1,1,0.4816476,0.4816,0.8029090,-8.1100,54
8.7977,33.7922,69.7850,0.8091964,CN(Cc1cccc(Br)c1)c1ccc(S(=O)(=O)N2CCCCC2)cc1,1,0.7218040,0.7218,0.9071699,-8.4900,54
9.4145,31.8650,60.0049,0.7177339,COc1ccc(CC(=O)NC(C)(C)c2ccc(S(=O)(=O)N3CCCCC3)cc2)cc1,1,0.7298888,0.7299,0.7057815,-7.8800,54
31.9191,38.9753,28.4828,0.5270168,CCC(=CCc1cc(OC)c(OC)cc1OC)C(=O)c1ccccc1Br,1,0.4339352,0.4339,0.6400650,-7.7500,55
5.9560,29.6241,6.9813,0.2859800,CN(C(=O)Cn1cncn1)c1ccc(S(=O)(=O)N2CCCCC2)cc1,1,0.7940988,0.7941,0.1029904,-6.5600,55
6.0736,21.2782,33.1874,0.4255120,COc1ccc(C(C)=NNC(=O)CCc2ccccc2)cc1,1,0.6572981,0.6573,0.2754617,-7.0800,55
5.6072,24.6567,28.4799,0.4151297,COc1ccc(CC(=O)OCC(=O)Nc2ccc(S(=O)(=O)N(C)C)cc2)cc1,1,0.6693455,0.6693,0.2574645,-7.0400,55
2.4944,29.9435,72.1309,0.7974566,CN(C(=O)Cn1nnc2ccccc21)c1ccc(S(=O)(=O)N2CCCCC2)cc1,1,0.6402366,0.6402,0.9932846,-9.6700,56
4.0191,38.0136,35.8431,0.5770052,CN(CCCNC(=O)Cn1cncn1)c1ccc(S(=O)(=O)N2CCCCC2)cc1,1,0.6098583,0.6099,0.5459219,-7.5800,56
11.0426,26.1874,54.0478,0.6268377,COc1ccc(C(=O)NCc2ccc(S(=O)(=O)Nc3ccccc3)cc2)cc1,1,0.6408449,0.6408,0.6131366,-7.7000,56
20.1795,29.9394,-21.7994,0.0635936,CC1=CCC(C)NC1=Nc1ccccc1,1,0.7399552,0.7400,0.0054654,-5.2400,57
2.4826,29.9435,72.1309,0.7974566,CN(C(=O)Cn1nnc2ccccc21)c1ccc(S(=O)(=O)N2CCCCC2)cc1,1,0.6402366,0.6402,0.9932846,-9.6700,57
9.2837,33.8457,58.7827,0.7236591,CN(CCCNC(=O)Nc1ccccc1)c1ccc(S(=O)(=O)N2CCCCC2)cc1,1,0.6281710,0.6282,0.8336624,-8.2000,57
2.5165,37.2634,54.5491,0.7172850,CN(CCNC(=O)Cn1nnc2ccccc21)c1ccc(S(=O)(=O)N2CCCCC2)cc1,1,0.5553658,0.5554,0.9264125,-8.6000,57
12.9476,40.7353,35.1766,0.5930616,O=[N+]([O-])c1cc(S(=O)(=O)Nc2ccccc2)ccc1Cc1ccc(S(=O)(=O)N2CCCCC2)cc1,1,0.3545159,0.3545,0.9921193,-9.6000,58
23.9766,33.1744,-20.1683,0.1016101,CC(=O)C1CCC=NN1C(=S)Nc1ccccc1,1,0.8304401,0.8304,0.0124327,-5.6000,58
17.8488,59.5438,5.3529,0.5070053,CCC(=NN=C(N)c1ccccc1)C1C(C)=NC(=O)NC1c1cc(Br)ccc1OCC(=O)N1CCCCC1,1,0.2629431,0.2629,0.9776044,-9.1400,58
12.7475,65.3611,-34.4460,0.2415243,Cn1cncc1S(=O)(=O)N1CCC(C)(C2CCCCC2)CN1,1,0.9211571,0.9212,0.0633268,-6.3300,58
8.1526,64.7041,-64.7041,0.0000000,CCC(=CCc1ccc(OCc2cn(S(=C)(=O)=O)nn2)cc1,0,0.0000000,0.0000,0.0000000,0.0000,59
2.8157,29.9435,72.1309,0.7974566,CN(C(=O)Cn1nnc2ccccc21)c1ccc(S(=O)(=O)N2CCCCC2)cc1,1,0.6402366,0.6402,0.9932846,-9.6700,59
2.5504,31.8650,60.0049,0.7177339,COc1ccc(CC(=O)NC(C)(C)c2ccc(S(=O)(=O)N3CCCCC3)cc2)cc1,1,0.7298888,0.7299,0.7057815,-7.8800,59
5.6204,24.6567,28.4799,0.4151297,COc1ccc(CC(=O)OCC(=O)Nc2ccc(S(=O)(=O)N(C)C)cc2)cc1,1,0.6693455,0.6693,0.2574645,-7.0400,59
3.0526,29.9435,72.1309,0.7974566,CN(C(=O)Cn1nnc2ccccc21)c1ccc(S(=O)(=O)N2CCCCC2)cc1,1,0.6402366,0.6402,0.9932846,-9.6700,60
20.9233,56.1678,-56.1678,0.0000000,CN(C(=O)c1cc2ncn3cccn3c2c1-n1ccnc1)c1ccccc1,0,0.0000000,0.0000,0.0000000,0.0000,60
4.0718,33.8457,58.7827,0.7236591,CN(CCCNC(=O)Nc1ccccc1)c1ccc(S(=O)(=O)N2CCCCC2)cc1,1,0.6281710,0.6282,0.8336624,-8.2000,60
6.0783,26.2792,64.8124,0.7116529,CN(Cc1ccccc1)c1ccc(S(=O)(=O)N2CCCCC2)cc1,1,0.8334413,0.8334,0.6076611,-7.6900,60
2.8423,29.9435,72.1310,0.7974566,CN(C(=O)Cn1nnc2ccccc21)c1ccc(S(=O)(=O)N2CCCCC2)cc1,1,0.6402366,0.6402,0.9932846,-9.6700,61
11.1210,31.2311,57.1730,0.6906573,CN(C(=O)c1ccc(S(=O)(=O)NCc2ccccc2)cc1)c1ccc(S(=O)(=O)N2CCCCC2)cc1,1,0.4820024,0.4820,0.9896372,-9.4800,61
16.5873,33.9560,48.8227,0.6467086,CN(CCCN(C)c1ccccc1)C(=O)CNC(=O)Nc1ccccc1,1,0.7661022,0.7661,0.5459219,-7.5800,61
6.5185,23.8081,24.6796,0.3788103,COc1ccc(CC(=O)NC(C)(C)c2ccccc2)cc1,1,0.9141228,0.9141,0.1569781,-6.7700,61
3.6253,26.4539,87.9943,0.8941265,CN(C(=O)Nc1ccccc1)c1ccc(S(=O)(=O)N2CCCCC2)cc1,1,0.8912528,0.8913,0.8970094,-8.4400,62
13.0221,39.5185,49.2569,0.6935583,CN(c1ccc(NC(=O)CCc2ccccc2)cc1)c1ccc(S(=O)(=O)N2CCCCC2)cc1,1,0.4841288,0.4841,0.9935849,-9.6900,62
14.8198,30.8942,53.2637,0.6574838,CC1CCCCN1C(=O)COc1ccccc1N(C)c1ccccc1,1,0.8175592,0.8176,0.5287507,-7.5500,62
6.1774,18.6767,13.4121,0.2506934,COc1ccc(CC(=O)NCc2ccccc2)cc1,1,0.8913345,0.8913,0.0705091,-6.3800,62
10.1959,26.2041,53.4698,0.6224518,C=C(c1ccccc1)c1ccc(S(=O)(=O)N2CCCCC2)cc1,1,0.8532592,0.8533,0.4540781,-7.4200,63
4.9660,29.6241,6.9813,0.2859800,CN(C(=O)Cn1cncn1)c1ccc(S(=O)(=O)N2CCCCC2)cc1,1,0.7940988,0.7941,0.1029904,-6.5600,63
15.6434,35.7559,56.0150,0.7169601,CN(CCCN1CCN(Cc2ccccc2)C1=NC(=O)c1ccccc1)c1ccccc1,1,0.5306656,0.5307,0.9686549,-8.9900,63
14.1369,46.4010,29.9094,0.5961748,COc1ccc(CC(=O)NC(Cc2ccccc2)C(=O)NC(C)(C)c2ccc(S(=O)(=O)N3CCCCC3)cc2)cc1,1,0.3557133,0.3557,0.9991878,-10.5900,63
6.5407,59.6239,18.0650,0.6069444,CCn1cnnc1S(=O)(=O)N1CCN(c2ccc3nnn(-c4ccccc4)c3c2)C(=O)C1=O,1,0.3900735,0.3901,0.9443901,-8.7300,64
4.1741,33.6559,-3.8690,0.2327102,CN(C(=O)Cn1ncn1-c1ccccc1)c1ccccc1,1,0.7359123,0.7359,0.0735876,-6.4000,64
10.4945,28.3258,34.7883,0.4930787,CN(CCCNC(=O)c1cnn2cccnc12)Cc1ccccc1,1,0.6754737,0.6755,0.3599350,-7.2500,64
30.5644,60.5458,0.2959,0.4753255,COc1cccc(CC(C)(C)NC(=O)c2ccccc2S(=O)(=O)Nc2c(OC)ccc(C(C)=O)c2OC)c1,1,0.3445063,0.3445,0.6558206,-7.7800,64
2.4609,29.9435,72.1309,0.7974566,CN(C(=O)Cn1nnc2ccccc21)c1ccc(S(=O)(=O)N2CCCCC2)cc1,1,0.6402366,0.6402,0.9932846,-9.6700,65
7.3476,75.8702,-75.8702,0.0000000,CN(C(=O)c1cccc(S(=O)(=O)N1CCCCCC1)cc1)c1ccccc1,0,0.0000000,0.0000,0.0000000,0.0000,65
6.2811,28.8735,-15.6864,0.1030240,CN(CCCNC(=O)Cn1cncn1)c1ccccc1,1,0.7620251,0.7620,0.0139286,-5.6500,65
4.0440,23.5331,44.7946,0.5338104,COc1ccc(CC(=O)OCC(=O)Nc2cccc(S(=O)(=O)N(C)C)c2)cc1,1,0.6693455,0.6693,0.4257197,-7.3700,65
10.4129,38.9257,-29.5247,0.0734449,CN(C(=O)Cn1ncn1C)c1ccccc1,1,0.7673372,0.7673,0.0070297,-5.3500,66
2.1953,26.4539,87.9943,0.8941265,CN(C(=O)Nc1ccccc1)c1ccc(S(=O)(=O)N2CCCCC2)cc1,1,0.8912528,0.8913,0.8970094,-8.4400,66
7.5191,21.7336,-4.5959,0.1338882,CN(C(=O)c1ccccn1)c1ccccc1,1,0.7652072,0.7652,0.0234264,-5.8800,66
22.8127,32.8415,-24.5048,0.0651310,N#Cc1cccc(N2CC3CSC(C3)C2)c1,1,0.7414288,0.7414,0.0057214,-5.2600,66
1.9912,26.4539,87.9943,0.8941265,CN(C(=O)Nc1ccccc1)c1ccc(S(=O)(=O)N2CCCCC2)cc1,1,0.8912528,0.8913,0.8970094,-8.4400,67
9.0398,34.2715,68.9217,0.8061965,CN(CCC(=O)NCc1ccccc1)c1ccc(S(=O)(=O)N2CCCCC2)cc1,1,0.7195964,0.7196,0.9032184,-8.4700,67
2.7934,33.8457,58.7827,0.7236591,CN(CCCNC(=O)Nc1ccccc1)c1ccc(S(=O)(=O)N2CCCCC2)cc1,1,0.6281710,0.6282,0.8336624,-8.2000,67
12.8847,29.4040,82.5657,0.8747637,Cc1ncccc1C(=O)NC(C)c1ccc(S(=O)(=O)N2CCCCC2)cc1,1,0.8551159,0.8551,0.8948629,-8.4300,67
3.3942,29.9435,72.1310,0.7974566,CN(C(=O)Cn1nnc2ccccc21)c1ccc(S(=O)(=O)N2CCCCC2)cc1,1,0.6402366,0.6402,0.9932846,-9.6700,68
1.9639,26.4539,87.9943,0.8941265,CN(C(=O)Nc1ccccc1)c1ccc(S(=O)(=O)N2CCCCC2)cc1,1,0.8912528,0.8913,0.8970094,-8.4400,68
2.8492,33.8457,58.7827,0.7236591,CN(CCCNC(=O)Nc1ccccc1)c1ccc(S(=O)(=O)N2CCCCC2)cc1,1,0.6281710,0.6282,0.8336624,-8.2000,68
12.9560,57.4761,2.0962,0.4654088,Cc1noc(C)c1CSCC(=O)Nc1c(C(=O)N(C)CCN(C)c2ccc(S(=O)(=O)N3CCCCC3)cc2)oc2ccccc12,1,0.2168029,0.2168,0.9990888,-10.5400,68
4.7935,44.1758,24.2185,0.5343305,CCn1cnnc1N1C(=N)N(Cc2ccccc2)C(=Cc2ccccc2)C1=O,1,0.6981951,0.6982,0.4089245,-7.3400,69
5.6030,48.8276,-0.3260,0.3789188,CCn1cnnc1N1C(=N)N(Cc2ccccc2)C(=Cc2ccccc2Br)C1=O,1,0.5976175,0.5976,0.2402531,-7.0000,69
15.3707,39.9666,21.3825,0.4792900,CN(CCCN(C)c1ccc(S(=O)(=O)N2CCCCC2)cc1)C(=O)c1ccco1,1,0.6574756,0.6575,0.3493953,-7.2300,69
11.2718,28.2385,67.7534,0.7499367,CN(CCc1ccccc1)Cc1ccc(S(=O)(=O)Nc2ccccc2)cc1,1,0.6382714,0.6383,0.8811377,-8.3700,69
6.5670,44.1701,43.3139,0.6834684,CC(=O)N1C(C(=O)N(C)CCc2ccc(S(=O)(=O)Nc3ccccc3)cc2)CSC1c1ccccc1,1,0.4794158,0.4794,0.9743714,-9.0800,70
11.9275,44.4914,20.8687,0.5106257,CCn1cnnc1N1C(=O)C(=Cc2ccccc2)C(=Nc2ccccc2)C1=O,1,0.5214772,0.5215,0.5000000,-7.5000,70
2.9605,29.9435,72.1310,0.7974566,CN(C(=O)Cn1nnc2ccccc21)c1ccc(S(=O)(=O)N2CCCCC2)cc1,1,0.6402366,0.6402,0.9932846,-9.6700,70
11.8117,22.9469,32.6486,0.4343396,COc1ccc(C(=O)NCCCN(C)c2ccccc2)cc1,1,0.7991137,0.7991,0.2360752,-6.9900,70
12.6892,29.4048,67.4668,0.7568098,CC(=O)Nc1cccc(CC(=O)NC(Cc2ccccc2)c2ccccc2)c1,1,0.6500245,0.6500,0.8811377,-8.3700,71
8.3767,56.8440,-30.7985,0.2034805,CCn1cnnc1N1C(=N)NC(=O)C1c1ccccc1,1,0.8675295,0.8675,0.0477267,-6.2000,71
22.6142,73.6320,-73.6320,0.0000000,CN(CCCN(C)c1c([N+](=O)[O-])cccc1C(=O)NC(Cc1ccc(S(=O)(=O)Nc2ccccc2)cc1)C)=O,0,0.0000000,0.0000,0.0000000,0.0000,71
4.5631,33.8457,58.7826,0.7236591,CN(CCCNC(=O)Nc1ccccc1)c1ccc(S(=O)(=O)N2CCCCC2)cc1,1,0.6281710,0.6282,0.8336624,-8.2000,71
4.1411,47.4675,41.5939,0.6957924,CCn1cnnc1N1C(=N)N(Cc2ccccc2)C(=Cc2cccc(Br)c2)C1=O,1,0.5976175,0.5976,0.8100952,-8.1300,72
15.7672,57.2484,-23.9629,0.2600431,CN(CCCN(CCC1CCCCC1)C(=O)c1ccc(S(=O)(=O)N2CCCCC2)cc1)c1ccc(S(=O)(=O)N2CCCCC2)cc1,1,0.2600431,0.2600,nan,nan,72
11.4938,29.7710,42.1760,0.5620862,CN(CCCNC(=O)Nc1ccccc1)CC(=O)N1CCCCC1,1,0.7520607,0.7521,0.4201003,-7.3600,72
11.0574,32.1640,46.5615,0.6150433,COc1cccc(CC(=O)OCC(=O)Nc2ccc(S(=O)(=O)N(C)C)cc2)c1Br,1,0.5768014,0.5768,0.6558206,-7.7800,72
26.5958,57.8728,-57.8728,0.0000000,C=c1nc[nH]c1C(=O)OCC(=O)Nc1cccc(C(=O)OC)c1S(=O)(=O)N1CCCCC1,0,0.0000000,0.0000,0.0000000,0.0000,73
29.8401,85.9541,-42.5906,0.3387772,CCC(=CCc1ccccc1)C(=O)c1ccc(C)cc1OCC(=O)N1C(=O)C=C(C)C1CCCCCc1ccccc1,1,0.1149695,0.1150,0.9982652,-10.2600,73
18.3169,27.6494,-27.0511,0.0046748,CCC(=O)N1Cc2cccc(OC)c2OCC1=O,1,0.7936054,0.7936,0.0000275,-2.9400,73
11.7641,32.9580,39.8768,0.5690223,CN(CCCNC(=O)c1cnn(-c2nccs2)c1-n1cccc1)c1ccccc1,1,0.4556907,0.4557,0.7105399,-7.8900,73
3.5306,34.3983,57.9342,0.7213478,CC(C)=CCc1ccc(OCc2cn(S(=O)(=O)c3ccccc3)nn2)cc1,1,0.5829016,0.5829,0.8926767,-8.4200,74
4.9276,55.9705,25.7743,0.6386315,CN(CCCNC(=O)Cn1nnc2scnc21)c1ccc(S(=O)(=O)N2CCCCC2)cc1,1,0.4668025,0.4668,0.8737105,-8.3400,74
32.4096,77.8802,-0.5482,0.6041565,CN(CN(CS(=O)(=O)N1CCCCC1)C1COC(c2ccccc2)SC1)c1ccc(S(=O)(=O)N2CCCCC2)cc1,1,0.3652519,0.3653,0.9993244,-10.6700,74
7.8659,27.1734,29.4600,0.4424480,COc1cccc(CC(=O)OCC(=O)Nc2cccc(S(=O)(=O)N(C)C)c2)c1OC,1,0.5954514,0.5955,0.3287594,-7.1900,74
11.0282,33.2768,54.3499,0.6845837,CC(=O)N1Cc2ccccc2OC1c1ccc(S(=O)(=O)N2CCCCC2)cc1,1,0.7928848,0.7929,0.5910755,-7.6600,75
23.6793,82.5823,-82.5823,0.0000000,CCC1C(C)(C)C(=O)N(C(=O)CC1CCCCC1)c1ccccc1,0,0.0000000,0.0000,0.0000000,0.0000,75
4.3032,24.6567,28.4799,0.4151297,COc1ccc(CC(=O)OCC(=O)Nc2ccc(S(=O)(=O)N(C)C)cc2)cc1,1,0.6693455,0.6693,0.2574645,-7.0400,75
3.9907,32.1640,46.5615,0.6150433,COc1cccc(CC(=O)OCC(=O)Nc2ccc(S(=O)(=O)N(C)C)cc2)c1Br,1,0.5768014,0.5768,0.6558206,-7.7800,75
13.8896,50.7968,23.3913,0.5795951,CC1CN(CCCN(C)c2ccc(S(=O)(=O)N3CCCCC3)cc2)C(=N)N1,1,0.7398077,0.7398,0.4540781,-7.4200,76
12.2380,33.3397,-26.1567,0.0561171,CCCCCCCCCCCCCCCCCCCCCCCCCCCCCCCOC(=O)Cc1ccc(OC)c(OC)c1,1,0.0561171,0.0561,nan,nan,76
22.5577,53.7579,10.9718,0.5057008,COc1cccc(CC(CNC(=O)Cc2ccc(S(=O)(=O)N3CCCCC3)cc2)NCC(=O)Nc2ccccc2)c1OC,1,0.2562676,0.2563,0.9979151,-10.1800,76
12.6028,25.1153,-11.8847,0.1033641,Cc1cccc(NS(=O)(=O)c2cncn2C)c1,1,0.8993540,0.8994,0.0118798,-5.5800,76
5.1937,40.4167,26.2882,0.5211321,CN(CCNC(=O)c1cnn(-c2nccs2)c1-n1cccc1)c1ccccc1,1,0.5250305,0.5250,0.5172626,-7.5300,77
6.3005,35.4608,56.2393,0.7164070,COc1ccc(C(=O)NCCN(C)c2ccc(S(=O)(=O)N3CCCCC3)cc2)cc1,1,0.6953431,0.6953,0.7381090,-7.9500,77
6.1250,19.1295,11.3129,0.2378309,COc1ccc(C(=O)NCc2ccccc2)cc1,1,0.8932000,0.8932,0.0633268,-6.3300,77
4.4225,31.6868,60.0467,0.7166681,COc1cccc(CC(=O)OCC(=O)Nc2cccc(S(=O)(=O)N(C)C)c2)c1Br,1,0.5768014,0.5768,0.8904506,-8.4100,77
18.1830,57.1187,1.5347,0.4582301,CC(=O)Nc1cccc(CC(=O)OCC(=O)Nc2ccc(S(=O)(=O)N(C)C)cc2)c1OCC(=O)NCCc1ccccc1,1,0.2346446,0.2346,0.8948629,-8.4300,78
3.6079,29.9102,33.1177,0.4924052,COc1ccc(CC(=O)OCC(=O)Nc2ccc(S(=O)(=O)N(C)C)cc2)cc1[N+](=O)[O-],1,0.3435382,0.3435,0.7057815,-7.8800,78
8.9825,23.5081,-19.0674,0.0346928,C=C(C)COC(=O)Cc1ccc(OC)cc1,1,0.5641583,0.5642,0.0021334,-4.8300,78
9.9479,50.8710,-50.8710,0.0000000,COc1cccc(OC)c(NS(=O)(=O)c2cc([N+](=O)[O-])ccc2Sc2ccc3c(C)cc(=O)oc3c2)c1,0,0.0000000,0.0000,0.0000000,0.0000,78
29.5731,52.6920,-0.6996,0.4061901,C=C(C)c1ccc(N(C)C)cc1NC(=O)COc1ccccc1C(=O)OCC(=O)Nc1cccc(S(=O)(=O)N(C)C)c1,1,0.3022234,0.3022,0.5459219,-7.5800,79
9.3151,27.4952,53.0329,0.6291261,COc1ccc(CC(=O)OCC(=O)Nc2ccccc2C)cc1[N+](=O)[O-],1,0.4630160,0.4630,0.8548293,-8.2700,79
3.2531,32.1640,46.5615,0.6150433,COc1cccc(CC(=O)OCC(=O)Nc2ccc(S(=O)(=O)N(C)C)cc2)c1Br,1,0.5768014,0.5768,0.6558206,-7.7800,79
14.8438,27.7775,27.1746,0.4293134,Cc1nc(Sc2ccc3c(C)cc(=O)oc3c2)no1,1,0.6690946,0.6691,0.2754617,-7.0800,79
3.8392,26.6230,50.9770,0.6062496,CN(C(=O)c1ccncc1)c1ccc(S(=O)(=O)N2CCCCC2)cc1,1,0.8410201,0.8410,0.4370152,-7.3900,80
10.4236,23.2238,-10.7646,0.0973377,CN(Cc1ccccc1)c1ccccc1Br,1,0.8158926,0.8159,0.0116126,-5.5700,80
10.8594,62.1437,-62.1437,0.0000000,COc1ccc(C(=O)NCc2ccc(S(=O)(=O)Nc3ccc(S(=O)(=O)N(C)C)cc3)ccc2)cc1[N+](=O)[O-],0,0.0000000,0.0000,0.0000000,0.0000,80
3.1927,26.1874,54.0478,0.6268377,COc1ccc(C(=O)NCc2ccc(S(=O)(=O)Nc3ccccc3)cc2)cc1,1,0.6408449,0.6408,0.6131366,-7.7000,80
18.1014,73.5206,2.4435,0.5934695,CCN(C)C(=O)C1C(C(=O)N(C)CCc2ccc(S(=O)(=O)Nc3ccccc3)cc2)CSC(c2ccccc2)N1C(C)=O,1,0.3626004,0.3626,0.9713339,-9.0300,81
4.6316,36.8983,27.9032,0.5062613,CN(CCNC(=O)Cn1ncn1-c1ccccc1)c1ccccc1,1,0.7226910,0.7227,0.3546474,-7.2400,81
4.3409,37.2634,54.5491,0.7172850,CN(CCNC(=O)Cn1nnc2ccccc21)c1ccc(S(=O)(=O)N2CCCCC2)cc1,1,0.5553658,0.5554,0.9264125,-8.6000,81
7.7581,22.8287,48.2977,0.5556745,COc1ccc(C(=O)Nc2ccc(S(=O)(=O)Nc3ccccc3)cc2)cc1,1,0.6800023,0.6800,0.4540781,-7.4200,81
6.9065,38.0136,35.8431,0.5770052,CN(CCCNC(=O)Cn1cncn1)c1ccc(S(=O)(=O)N2CCCCC2)cc1,1,0.6098583,0.6099,0.5459219,-7.5800,82
5.2467,41.2001,31.6347,0.5690223,CN(CCCNC(=O)c1cnn(-c2nccs2)c1-n1cccc1)c1ccccc1,1,0.4556907,0.4557,0.7105399,-7.8900,82
6.1582,38.3055,38.0334,0.5963981,CN(CCNC(=O)Cn1nnc2ccccc21)c1ccc(S(=O)(=O)NCc2ccccc2)cc1,1,0.3615937,0.3616,0.9836751,-9.2800,82
15.3387,22.9142,-17.0564,0.0457641,COc1ccc(Cc2cccc(OC)c2OC)cc1OC,1,0.8169004,0.8169,0.0025638,-4.9100,82
11.5257,43.2805,34.7198,0.6093771,CN(CC=NC(=O)c1ccc(S(=O)(=O)NCc2ccccc2)cc1)c1ccc(S(=O)(=O)N2CCCCC2)cc1,1,0.3731592,0.3732,0.9951261,-9.8100,83
4.9295,41.2001,31.6347,0.5690223,CN(CCCNC(=O)c1cnn(-c2nccs2)c1-n1cccc1)c1ccccc1,1,0.4556907,0.4557,0.7105399,-7.8900,83
12.5170,37.5447,35.3473,0.5694688,CN(CCCNc1ccc(S(=O)(=O)Nc2ccccc2)cc1)C(=O)c1ccc(S(=O)(=O)N2CCCCC2)cc1,1,0.3334346,0.3334,0.9725887,-9.0500,83
17.8711,88.0667,-88.0667,0.0000000,CN(c1ccc(NC(Nc2ccccc2)cc1)=O)NCc1ccc(S(=O)(=O)Nc2ccccc2)cc1,0,0.0000000,0.0000,0.0000000,0.0000,83
12.5354,37.3678,24.7672,0.4854296,O=S(=O)(Nc1ccccc1)c1ccc(CCCCc2ccc(S(=O)(=O)Nc3ccccc3)cc2)cc1,1,0.2425962,0.2426,0.9713339,-9.0300,84
4.2543,44.1758,24.2185,0.5343305,CCn1cnnc1N1C(=N)N(Cc2ccccc2)C(=Cc2ccccc2)C1=O,1,0.6981951,0.6982,0.4089245,-7.3400,84
14.1746,30.6134,67.5824,0.7671553,CC(=O)Nc1ccc(N(C)c2ccc(S(=O)(=O)N3CCCCC3)cn2)cc1,1,0.8514127,0.8514,0.6912361,-7.8500,84
3.7643,31.8650,60.0049,0.7177339,COc1ccc(CC(=O)NC(C)(C)c2ccc(S(=O)(=O)N3CCCCC3)cc2)cc1,1,0.7298888,0.7299,0.7057815,-7.8800,84
5.3973,26.1874,54.0478,0.6268377,COc1ccc(C(=O)NCc2ccc(S(=O)(=O)Nc3ccccc3)cc2)cc1,1,0.6408449,0.6408,0.6131366,-7.7000,85
11.3781,32.4845,58.1500,0.7080826,COc1ccc(CC(=O)NC(C)(C)c2ccc(S(=O)(=O)N3CCCC3)cc2)cc1,1,0.7526665,0.7527,0.6661395,-7.8000,85
3.5968,31.8650,60.0049,0.7177339,COc1ccc(CC(=O)NC(C)(C)c2ccc(S(=O)(=O)N3CCCCC3)cc2)cc1,1,0.7298888,0.7299,0.7057815,-7.8800,85
4.4964,23.5331,44.7946,0.5338104,COc1ccc(CC(=O)OCC(=O)Nc2cccc(S(=O)(=O)N(C)C)c2)cc1,1,0.6693455,0.6693,0.4257197,-7.3700,85
13.3935,40.3187,61.8450,0.7981539,Cc1cccc2c1CCN(CCCN(C)c1ccc(S(=O)(=O)N3CCCCC3)cn1)C2=O,1,0.6401699,0.6402,0.9951261,-9.8100,86
3.3632,38.3095,41.2895,0.6218675,CN(CCCNC(=O)Cn1nnc2ccccc21)c1ccc(S(=O)(=O)N2CCCCC2)cc1,1,0.4816476,0.4816,0.8029090,-8.1100,86
3.8070,32.4845,58.1500,0.7080826,COc1ccc(CC(=O)NC(C)(C)c2ccc(S(=O)(=O)N3CCCC3)cc2)cc1,1,0.7526665,0.7527,0.6661395,-7.8000,86
7.2635,28.0435,38.5313,0.5201150,COc1ccc(CC(=O)OCC(=O)Nc2ccc(S(=O)(=O)Nc3ccccc3)cc2)cc1,1,0.4805096,0.4805,0.5629848,-7.6100,86
3.6921,47.4675,41.5939,0.6957924,CCn1cnnc1N1C(=N)N(Cc2ccccc2)C(=Cc2cccc(Br)c2)C1=O,1,0.5976175,0.5976,0.8100952,-8.1300,87
5.9028,41.0479,23.1226,0.5013325,COc1ccc(C(=O)NCC(=O)NCCN(C)c2ccc(S(=O)(=O)N3CCCC3)cc2)cc1,1,0.5399046,0.5399,0.4655160,-7.4400,87
23.3161,75.6947,13.7312,0.6986398,COc1ccc(CC(=O)NC(C)C(=O)N2CSC(c3ccccc3)C2C)cc1[N+](=O)[O-],1,0.5203458,0.5203,0.9380254,-8.6800,87
13.1949,42.4462,49.4162,0.7176745,COc1ccc(CC(=O)NC(c2ccc(S(=O)(=O)N3CCCC3)cc2)C2CCCCN2C(C)=O)cc1,1,0.5845360,0.5845,0.8811377,-8.3700,87
9.2252,23.5923,15.6942,0.3069260,CC1CCCCN1C(=O)Cn1nnc2ccccc21,1,0.8254561,0.8255,0.1141230,-6.6100,88
6.2812,37.3286,18.3011,0.4346063,CCCCN(C(=O)c1oc2ccccc2c1NC(=O)CSCc1c(C)noc1C)c1c(N)n(CCCC)c(=O)[nH]c1=O,1,0.1997517,0.1998,0.9455871,-8.7400,88
4.9989,38.9086,48.7904,0.6851483,CN(CCCNC(=O)Cn1nnc2ccccc21)c1ccc(S(=O)(=O)N2CCCC2)cc1,1,0.4935033,0.4935,0.9512158,-8.7900,88
9.3071,30.9081,-30.9081,0.0000000,Cc1nc(Sc2ccccc2)cn1,0,0.0000000,0.0000,0.0000000,0.0000,88
4.7555,44.1758,24.2185,0.5343305,CCn1cnnc1N1C(=N)N(Cc2ccccc2)C(=Cc2ccccc2)C1=O,1,0.6981951,0.6982,0.4089245,-7.3400,89
11.6728,37.5958,-4.3058,0.2600782,CCn1cnnc1N1C(=O)c2ccccc2OC1c1ccccc1,1,0.7440470,0.7440,0.0909091,-6.5000,89
4.3224,30.1678,68.5261,0.7710459,CN(C(=O)c1ccc(S(=O)(=O)N2CCCCC2)cc1)c1ccc(S(=O)(=O)N2CCCCC2)cc1,1,0.6003216,0.6003,0.9903222,-9.5100,89
6.6481,38.0262,26.1723,0.5015508,COc1ccc(NC(=O)Cn2ncnc2SCc2ccccc2[N+](=O)[O-])cc1,1,0.3516983,0.3517,0.7152528,-7.9000,89
3.5388,47.4675,41.5939,0.6957924,CCn1cnnc1N1C(=N)N(Cc2ccccc2)C(=Cc2cccc(Br)c2)C1=O,1,0.5976175,0.5976,0.8100952,-8.1300,90
10.6510,40.6720,28.1393,0.5375880,CN(CCCN1CCC(C)(C)C1=O)c1ccc(S(=O)(=O)N2CCCCC2)cc1,1,0.6972255,0.6972,0.4145012,-7.3500,90
21.8659,81.3779,-32.5244,0.3816678,COc1ccc(CC(=O)C(=O)NC(CCCCC(=O)NC(C)(C)c2ccc(S(=O)(=O)N3CCCC3)cc2)c2ccc(S(=O)(=O)N3CCCC3)cc2)cc1,1,0.1459234,0.1459,0.9982652,-10.2600,90
9.7917,40.9483,42.5376,0.6522336,CC(=O)Nc1ccc(C(=O)NCCN(C)c2ccc(S(=O)(=O)N3CCCCC3)cc2)cc1,1,0.6337648,0.6338,0.6712406,-7.8100,91
6.2727,18.5985,-14.8513,0.0292752,CC(=O)Nc1ccc(NC(C)=O)cc1,1,0.7473321,0.7473,0.0011468,-4.5600,91
8.9055,53.7891,-15.1099,0.3021813,CN(CCCNC(=O)Nc1ccccc1)CC(=O)NC(C)(C)c1ccc(S(=O)(=O)N2CCCCC2)cc1,1,0.3867986,0.3868,0.2360752,-6.9900,91
19.8782,48.3880,-48.3880,0.0000000,Cc1nnn1CC(=O)NC(c1ccc(S(=O)(=O)N2CCCCC2)cc1)COC,0,0.0000000,0.0000,0.0000000,0.0000,91
2.5706,30.1678,68.5261,0.7710459,CN(C(=O)c1ccc(S(=O)(=O)N2CCCCC2)cc1)c1ccc(S(=O)(=O)N2CCCCC2)cc1,1,0.6003216,0.6003,0.9903222,-9.5100,92
8.5269,39.8022,45.0832,0.6631668,COc1ccc(CC(=O)NC(C)(C)c2ccc(S(=O)(=O)N3CCCCC3)cc2)cc1[N+](=O)[O-],1,0.4618319,0.4618,0.9522733,-8.8000,92
3.4238,23.8081,24.6796,0.3788103,COc1ccc(CC(=O)NC(C)(C)c2ccccc2)cc1,1,0.9141228,0.9141,0.1569781,-6.7700,92
26.6628,58.7588,16.0902,0.5847582,CCN(C(=O)C(=O)Nn1ncn1C)c1ccc(S(=O)(=O)N2CCCCC2)cc1,1,0.7256076,0.7256,0.4712493,-7.4500,92
3.4713,30.9990,67.1969,0.7671553,CC(=O)Nc1ccc(N(C)c2ccc(S(=O)(=O)N3CCCCC3)cn2)cc1,1,0.8514127,0.8514,0.6912361,-7.8500,93
9.0872,33.5208,-21.6399,0.0928196,CC1CN(CCCN(C)c2ccccc2)C(=N)N1,1,0.8313946,0.8314,0.0103627,-5.5200,93
4.0525,37.3286,18.3011,0.4346063,CCCCN(C(=O)c1oc2ccccc2c1NC(=O)CSCc1c(C)noc1C)c1c(N)n(CCCC)c(=O)[nH]c1=O,1,0.1997517,0.1998,0.9455871,-8.7400,93
2.1356,30.1678,68.5261,0.7710459,CN(C(=O)c1ccc(S(=O)(=O)N2CCCCC2)cc1)c1ccc(S(=O)(=O)N2CCCCC2)cc1,1,0.6003216,0.6003,0.9903222,-9.5100,93
8.3042,44.4914,20.8687,0.5106257,CCn1cnnc1N1C(=O)C(=Cc2ccccc2)C(=Nc2ccccc2)C1=O,1,0.5214772,0.5215,0.5000000,-7.5000,94
2.0948,30.1678,68.5261,0.7710459,CN(C(=O)c1ccc(S(=O)(=O)N2CCCCC2)cc1)c1ccc(S(=O)(=O)N2CCCCC2)cc1,1,0.6003216,0.6003,0.9903222,-9.5100,94
6.8135,33.8457,58.7826,0.7236591,CN(CCCNC(=O)Nc1ccccc1)c1ccc(S(=O)(=O)N2CCCCC2)cc1,1,0.6281710,0.6282,0.8336624,-8.2000,94
5.0380,51.3805,-51.3805,0.0000000,CN(CCNC(=O)Cn1nnc2ccccc2)cc1,0,0.0000000,0.0000,0.0000000,0.0000,94
2.8418,30.9990,67.1969,0.7671553,CC(=O)Nc1ccc(N(C)c2ccc(S(=O)(=O)N3CCCCC3)cn2)cc1,1,0.8514127,0.8514,0.6912361,-7.8500,95
4.7851,37.7657,30.3663,0.5322807,CN(CCNC(=O)Cn1cncn1)c1ccc(S(=O)(=O)N2CCCCC2)cc1,1,0.6928486,0.6928,0.4089245,-7.3400,95
22.1614,73.6365,-73.6365,0.0000000,COc1ccc(CC(=O)NC(CcCC(=O)O)c(Br)cc1)CN(CCCC)CCCC,0,0.0000000,0.0000,0.0000000,0.0000,95
5.6936,40.8659,52.6270,0.7304132,Cc1nc2ccccc2n1CC(=O)NCCN(C)c1ccc(S(=O)(=O)N2CCCCC2)cc1,1,0.5481974,0.5482,0.9731960,-9.0600,95
23.5580,79.8207,-42.6959,0.2900377,CCCCN(C(=O)c1oc2ccccc2c1NC(=O)NCCCN(c1ccccc1)c1ccccc1Sc1ccc2c(C)cc(=O)oc2c1)c1ccccc1,1,0.0841330,0.0841,0.9998682,-11.3800,96
2.4946,32.3423,56.0619,0.6906573,CN(C(=O)c1ccc(S(=O)(=O)NCc2ccccc2)cc1)c1ccc(S(=O)(=O)N2CCCCC2)cc1,1,0.4820024,0.4820,0.9896372,-9.4800,96
4.2513,26.4604,46.0354,0.5663730,CN(C(=O)c1cccnc1)c1ccc(S(=O)(=O)N2CCCCC2)cc1,1,0.8410201,0.8410,0.3814158,-7.2900,96
3.9962,29.7710,42.1760,0.5620862,CN(CCCNC(=O)Nc1ccccc1)CC(=O)N1CCCCC1,1,0.7520607,0.7521,0.4201003,-7.3600,96
7.8320,27.6491,58.7375,0.6748953,C=C(c1ccc(C)cc1)c1ccc(S(=O)(=O)N2CCCCC2)cc1,1,0.8343384,0.8343,0.5459219,-7.5800,97
2.7773,30.9990,67.1969,0.7671553,CC(=O)Nc1ccc(N(C)c2ccc(S(=O)(=O)N3CCCCC3)cn2)cc1,1,0.8514127,0.8514,0.6912361,-7.8500,97
18.0753,22.2274,-15.7534,0.0505783,CC(C)CSCCc1ccccc1,1,0.6451343,0.6451,0.0039653,-5.1000,97
6.8052,70.5032,-70.5032,0.0000000,CN(CCCNc1ccc(S(=O)(=O)Nc3ccccc3)cc2)cc1,0,0.0000000,0.0000,0.0000000,0.0000,97
5.3108,47.4675,41.5939,0.6957924,CCn1cnnc1N1C(=N)N(Cc2ccccc2)C(=Cc2cccc(Br)c2)C1=O,1,0.5976175,0.5976,0.8100952,-8.1300,98
7.6688,47.3291,15.0723,0.4875105,CN(C(=O)c1ccc(S(=O)(=O)NCc2ccc(S(=O)(=O)Nc3ccccc3)cc2)cc1)c1ccc(S(=O)(=O)N2CCCCC2)cc1,1,0.2379271,0.2379,0.9989047,-10.4600,98
4.3095,26.4604,46.0354,0.5663730,CN(C(=O)c1cccnc1)c1ccc(S(=O)(=O)N2CCCCC2)cc1,1,0.8410201,0.8410,0.3814158,-7.2900,98
8.9003,65.4444,-33.3112,0.2510410,CN(CN(C(=O)c1ccc(S(=O)(=O)N2CCCCC2)cc1)c1ccc(S(=O)(=O)N2CCCCC2)cc1)c1ccc(S(=O)(=O)N2CCCCC2)cc1,1,0.2510410,0.2510,nan,nan,98
8.6580,19.0487,12.6485,0.2476342,CC(=O)Nc1ccc(S(=O)(=O)Nc2ccccc2)cc1,1,0.9078108,0.9078,0.0675501,-6.3600,99
4.3224,37.3286,18.3011,0.4346063,CCCCN(C(=O)c1oc2ccccc2c1NC(=O)CSCc1c(C)noc1C)c1c(N)n(CCCC)c(=O)[nH]c1=O,1,0.1997517,0.1998,0.9455871,-8.7400,99
3.8904,26.2792,64.8124,0.7116529,CN(Cc1ccccc1)c1ccc(S(=O)(=O)N2CCCCC2)cc1,1,0.8334413,0.8334,0.6076611,-7.6900,99
24.1616,38.3604,39.6349,0.6093390,COc1ccc(CC(CC(C)C)NC(=O)C2CCCCN2C(=O)Cc2ccccc2)cc1,1,0.6341499,0.6341,0.5854988,-7.6500,99
7.7075,31.5916,34.0303,0.5126712,CCCCN(C(=O)c1cccnc1)c1ccc(S(=O)(=O)N2CCCCC2)cc1,1,0.7091841,0.7092,0.3706115,-7.2700,100
3.6759,34.9104,55.1521,0.7036138,CN(CCCNC(=O)Nc1ccccc1)c1ccc(S(=O)(=O)N2CCCC2)cc1,1,0.6480643,0.6481,0.7639248,-8.0100,100
15.2701,55.8765,14.2563,0.5479119,COc1ccc(CC(=O)NC(c2ccc(S(=O)(=O)N3CCCC3)cc2)C2CCc3ccccc3C2)cc1[N+](=O)[O-],1,0.3004514,0.3005,0.9991878,-10.5900,100
21.4062,105.6793,-105.6793,0.0000000,COc1ccc(CC(N(CCCC)C(=O)NCc2ccc(S(=O)(=O)N3CCCCC3)cc2)ccc1)c1ccc(S(=O)(=O)N2CCCC2)cc1,0,0.0000000,0.0000,0.0000000,0.0000,100
6.7324,29.5484,8.1964,0.2948813,CN(C(=O)Cn1cncn1)c1ccc(S(=O)(=O)N2CCCC2)cc1,1,0.7937515,0.7938,0.1095494,-6.5900,101
5.1911,27.1731,44.1962,0.5575725,CN(C(=O)c1cccnc1)c1ccc(S(=O)(=O)N2CCCC2)cc1,1,0.8511467,0.8511,0.3652568,-7.2600,101
5.0473,38.3095,41.2895,0.6218675,CN(CCCNC(=O)Cn1nnc2ccccc21)c1ccc(S(=O)(=O)N2CCCCC2)cc1,1,0.4816476,0.4816,0.8029090,-8.1100,101
3.4442,34.9104,55.1521,0.7036138,CN(CCCNC(=O)Nc1ccccc1)c1ccc(S(=O)(=O)N2CCCC2)cc1,1,0.6480643,0.6481,0.7639248,-8.0100,101
7.3760,44.1701,43.3139,0.6834684,CC(=O)N1C(C(=O)N(C)CCc2ccc(S(=O)(=O)Nc3ccccc3)cc2)CSC1c1ccccc1,1,0.4794158,0.4794,0.9743714,-9.0800,102
13.1557,28.1700,43.0794,0.5566364,CN(CCCNC(=O)Nc1ccccc1)CCC1CCCCC1,1,0.7090008,0.7090,0.4370152,-7.3900,102
10.3379,26.8827,-9.2757,0.1375549,COc1ccc(CC(=O)N2CCCCC2C)cc1[N+](=O)[O-],1,0.6312035,0.6312,0.0299766,-5.9900,102
8.6402,38.4943,55.7888,0.7365872,COc1ccc(CC(CC(C)C)NC(=O)Cc2ccc(S(=O)(=O)N3CCCCC3)cc2)cc1,1,0.5627187,0.5627,0.9641774,-8.9300,102
11.4697,29.6609,-25.9550,0.0289528,COc1ccc(CC(=O)NC(C)N)cc1,1,0.7142923,0.7143,0.0011736,-4.5700,103
18.3173,42.5516,6.3673,0.3821789,COc1ccc(CCCCCCc2ccccc2CCC(=O)NCCc2ccccc2)cc1[N+](=O)[O-],1,0.1559356,0.1559,0.9366732,-8.6700,103
16.0940,34.0573,13.5708,0.3720946,COc1ccc(OC)c([N+](=O)[O-])c1NC(=O)Cn1nnc2ccccc21,1,0.5286718,0.5287,0.2618911,-7.0500,103
16.4114,33.0713,-19.9752,0.1023133,CCOC(=O)C(Cc1cccc(OC)c1)NC(=O)Cn1cccn1,1,0.7346778,0.7347,0.0142484,-5.6600,103
5.3269,28.3258,34.7883,0.4930787,CN(CCCNC(=O)c1cnn2cccnc12)Cc1ccccc1,1,0.6754737,0.6755,0.3599350,-7.2500,104
5.7687,23.8081,24.6796,0.3788103,COc1ccc(CC(=O)NC(C)(C)c2ccccc2)cc1,1,0.9141228,0.9141,0.1569781,-6.7700,104
11.7006,33.0387,-19.2651,0.1076062,COc1ccc(CC(=O)NC(C)n2ccnc2)cc1,1,0.8899481,0.8899,0.0130110,-5.6200,104
16.9565,45.6841,29.5059,0.5874217,COc1ccc(CC(=O)NC2CNC(N)=NC2OCCc2ccccc2)cc1[N+](=O)[O-],1,0.4023307,0.4023,0.8576633,-8.2800,104
12.5215,28.7010,12.7587,0.3239036,CC(=O)N1Cc2ccccc2OC1c1cccc([N+](=O)[O-])c1,1,0.6307264,0.6307,0.1663376,-6.8000,105
6.7536,47.4675,41.5939,0.6957924,CCn1cnnc1N1C(=N)N(Cc2ccccc2)C(=Cc2cccc(Br)c2)C1=O,1,0.5976175,0.5976,0.8100952,-8.1300,105
4.0712,38.3095,41.2895,0.6218675,CN(CCCNC(=O)Cn1nnc2ccccc21)c1ccc(S(=O)(=O)N2CCCCC2)cc1,1,0.4816476,0.4816,0.8029090,-8.1100,105
7.5521,29.1094,73.7774,0.8038031,Cc1ccccc1CN(C)c1ccc(S(=O)(=O)N2CCCCC2)cc1,1,0.8160408,0.8160,0.7917488,-8.0800,105
5.7525,25.7953,53.8785,0.6224518,C=C(c1ccccc1)c1ccc(S(=O)(=O)N2CCCCC2)cc1,1,0.8532592,0.8533,0.4540781,-7.4200,106
4.5233,44.1701,43.3139,0.6834684,CC(=O)N1C(C(=O)N(C)CCc2ccc(S(=O)(=O)Nc3ccccc3)cc2)CSC1c1ccccc1,1,0.4794158,0.4794,0.9743714,-9.0800,106
4.8804,40.9483,42.5376,0.6522336,CC(=O)Nc1ccc(C(=O)NCCN(C)c2ccc(S(=O)(=O)N3CCCCC3)cc2)cc1,1,0.6337648,0.6338,0.6712406,-7.8100,106
10.4380,42.0888,47.0883,0.6966967,CN(CCCNC(=O)Nc1ccccc1)C(C)(C)c1ccc(S(=O)(=O)N2CCCCC2)cc1,1,0.5350556,0.5351,0.9071699,-8.4900,106
18.4881,54.5174,34.0603,0.6920128,CN(CCCNC(=O)N1CCN(C(=O)c2cccs2)C1=O)c1ccc(S(=O)(=O)N2CCCCC2)cc1,1,0.5225563,0.5226,0.9164214,-8.5400,107
12.0551,35.3725,62.3873,0.7637486,CN(CCNC(=O)c1ccnc2ccccc12)c1ccc(S(=O)(=O)N2CCCCC2)cc1,1,0.5949506,0.5950,0.9804377,-9.2000,107
20.1905,38.1253,44.1200,0.6425414,COc1ccc(C(CCN(Cc2ccccc2)C(C)=O)C2CCCCN2C)cc1,1,0.6504355,0.6504,0.6347432,-7.7400,107
10.8354,30.6989,-12.4198,0.1428058,COc1cccc(CC(C)(C)NC(=O)c2ccco2)c1,1,0.9106029,0.9106,0.0223956,-5.8600,107
4.1618,27.6491,58.7375,0.6748953,C=C(c1ccc(C)cc1)c1ccc(S(=O)(=O)N2CCCCC2)cc1,1,0.8343384,0.8343,0.5459219,-7.5800,108
25.5565,29.6023,-2.5834,0.2110851,Cc1ccc(O)c2c1SC(C)C2=O,1,0.6886003,0.6886,0.0647065,-6.3400,108
4.1054,29.9435,72.1309,0.7974566,CN(C(=O)Cn1nnc2ccccc21)c1ccc(S(=O)(=O)N2CCCCC2)cc1,1,0.6402366,0.6402,0.9932846,-9.6700,108
11.5905,38.4747,-4.2641,0.2672705,COc1ccc(NC(=O)Cn2ncnc2SCc2ccccc2OC)cc1,1,0.6009774,0.6010,0.1188622,-6.6300,108
6.4816,29.6241,6.9813,0.2859800,CN(C(=O)Cn1cncn1)c1ccc(S(=O)(=O)N2CCCCC2)cc1,1,0.7940988,0.7941,0.1029904,-6.5600,109
3.5930,26.2792,64.8124,0.7116529,CN(Cc1ccccc1)c1ccc(S(=O)(=O)N2CCCCC2)cc1,1,0.8334413,0.8334,0.6076611,-7.6900,109
11.9343,32.3866,51.5785,0.6559777,COc1ccc(C(=O)NNC(=O)Cc2ccc(S(=O)(=O)Nc3ccccc3)cc2)cc1,1,0.4897056,0.4897,0.8787048,-8.3600,109
12.2795,28.9657,48.3299,0.6038725,COc1ccc(CC=NC(=O)c2ccc(S(=O)(=O)N3CCCCC3)cc2)cc1,1,0.6972376,0.6972,0.5230096,-7.5400,109
22.6231,43.0417,-15.0815,0.2184394,CSCC(=O)N1CCN(C2c3ccccc3C(=O)CC2C)C1,1,0.8580461,0.8580,0.0556098,-6.2700,110
9.1832,46.9527,31.3297,0.6115814,CN(CCCNC(=O)N1CCN(C(=O)c2ccccc2)C1=O)c1ccc(S(=O)(=O)NCc2ccccc2)cc1,1,0.3748691,0.3749,0.9977663,-10.1500,110
4.8740,39.5022,51.5442,0.7113001,CN(CCNC(=O)c1ccc(S(=O)(=O)N2CCCCC2)cc1)c1ccc(S(=O)(=O)N2CCCCC2)cc1,1,0.5165186,0.5165,0.9795346,-9.1800,110
10.7346,30.9998,11.2219,0.3298571,CN1C(=O)C(=Nc2ccccc2)C1=Cc1ccccc1,1,0.7644252,0.7644,0.1423367,-6.7200,110
4.3267,29.9435,72.1310,0.7974566,CN(C(=O)Cn1nnc2ccccc21)c1ccc(S(=O)(=O)N2CCCCC2)cc1,1,0.6402366,0.6402,0.9932846,-9.6700,111
4.2242,32.3423,56.0619,0.6906573,CN(C(=O)c1ccc(S(=O)(=O)NCc2ccccc2)cc1)c1ccc(S(=O)(=O)N2CCCCC2)cc1,1,0.4820024,0.4820,0.9896372,-9.4800,111
13.5053,24.9674,5.2151,0.2358009,CN(C(=O)C1Cc2ccccc2O1)c1ccccc1,1,0.8231237,0.8231,0.0675501,-6.3600,111
19.2006,44.6664,61.6017,0.8302198,CN(CC(=O)N1c2ccccc2CN1C)c1ccc(S(=O)(=O)N2CCCCC2)cc1,1,0.7327546,0.7328,0.9406490,-8.7000,111
4.5532,27.6491,58.7375,0.6748953,C=C(c1ccc(C)cc1)c1ccc(S(=O)(=O)N2CCCCC2)cc1,1,0.8343384,0.8343,0.5459219,-7.5800,112
16.6399,34.4100,-31.9930,0.0188828,CC1=Nc2ccccc2N(Cc2ccccc2)C(C)=C1C,1,0.7453352,0.7453,0.0004784,-4.1800,112
4.4923,33.8457,58.7827,0.7236591,CN(CCCNC(=O)Nc1ccccc1)c1ccc(S(=O)(=O)N2CCCCC2)cc1,1,0.6281710,0.6282,0.8336624,-8.2000,112
14.3496,42.1157,31.1509,0.5723952,CN(c1ccccc1)c1ccc(N(C)c2ccc(NC(=O)CCc3ccccc3)cc2)cc1,1,0.3307651,0.3308,0.9905404,-9.5200,112
10.2264,49.1086,37.1623,0.6739914,CN(CCCNC(=O)Nc1ccccc1)C(C(=O)N1CCCC1)c1ccc(S(=O)(=O)N2CCCC2)cc1,1,0.4619790,0.4620,0.9833012,-9.2700,113
4.5681,42.0888,47.0883,0.6966967,CN(CCCNC(=O)Nc1ccccc1)C(C)(C)c1ccc(S(=O)(=O)N2CCCCC2)cc1,1,0.5350556,0.5351,0.9071699,-8.4900,113
5.1793,28.0435,38.5313,0.5201150,COc1ccc(CC(=O)OCC(=O)Nc2ccc(S(=O)(=O)Nc3ccccc3)cc2)cc1,1,0.4805096,0.4805,0.5629848,-7.6100,113
11.8105,42.1990,-42.1990,0.0000000,N=(C(=O)Nc1ccccc1)c1ccc(S(=O)(=O)N2CCCCC2)cc1,0,0.0000000,0.0000,0.0000000,0.0000,113
16.2354,56.5347,5.7670,0.4867319,CC(=O)Nc1ccc(C(=O)NN(CC2=CC=C3C=CC(=CC=CC=C2)NS3(=O)=O)C2CCCCC2)cc1,1,0.4867319,0.4867,nan,nan,114
3.0784,34.9104,55.1521,0.7036138,CN(CCCNC(=O)Nc1ccccc1)c1ccc(S(=O)(=O)N2CCCC2)cc1,1,0.6480643,0.6481,0.7639248,-8.0100,114
4.6705,24.6567,28.4799,0.4151297,COc1ccc(CC(=O)OCC(=O)Nc2ccc(S(=O)(=O)N(C)C)cc2)cc1,1,0.6693455,0.6693,0.2574645,-7.0400,114
10.4554,24.6457,-12.7601,0.0928568,Cc1ncccc1CN(C)c1ccccc1,1,0.7770917,0.7771,0.0110957,-5.5500,114
4.0203,34.9104,55.1521,0.7036138,CN(CCCNC(=O)Nc1ccccc1)c1ccc(S(=O)(=O)N2CCCC2)cc1,1,0.6480643,0.6481,0.7639248,-8.0100,115
4.1526,36.6902,42.6820,0.6200957,COc1cccc(CC(=O)OCC(=O)Nc2ccc(S(=O)(=O)Nc3ccccc3)cc2)c1Br,1,0.4029230,0.4029,0.9543232,-8.8200,115
9.4639,30.7073,-10.4091,0.1585796,COc1cccc(CC(C)=O)c1OCCc1ccncc1,1,0.7845890,0.7846,0.0320518,-6.0200,115
21.3634,28.6881,10.9085,0.3093482,CS(=O)c1ccccc1C(=O)NCc1ccccc1,1,0.9291765,0.9292,0.1029904,-6.5600,115
20.1936,39.5883,66.2375,0.8267638,CC1CCCC1NC(c1ccc(S(=O)(=O)N2CCCCC2)cc1)c1ccccn1,1,0.7736462,0.7736,0.8835284,-8.3800,116
13.4852,41.7735,-37.4659,0.0336530,CC1CC(=O)N(C(=O)Cn2ncn2C)C1,1,0.6679986,0.6680,0.0016954,-4.7300,116
4.0669,44.4914,20.8687,0.5106257,CCn1cnnc1N1C(=O)C(=Cc2ccccc2)C(=Nc2ccccc2)C1=O,1,0.5214772,0.5215,0.5000000,-7.5000,116
7.2030,36.1907,46.1500,0.6432868,CN(CCCNC(=O)Nc1ccccc1)c1cccc(S(=O)(=O)Nc2ccccc2)c1,1,0.4381853,0.4382,0.9443901,-8.7300,116
4.8706,29.9435,72.1310,0.7974566,CN(C(=O)Cn1nnc2ccccc21)c1ccc(S(=O)(=O)N2CCCCC2)cc1,1,0.6402366,0.6402,0.9932846,-9.6700,117
4.4341,36.1907,46.1500,0.6432868,CN(CCCNC(=O)Nc1ccccc1)c1cccc(S(=O)(=O)Nc2ccccc2)c1,1,0.4381853,0.4382,0.9443901,-8.7300,117
15.6672,60.3259,-60.3259,0.0000000,CN1Cc1ccc(CC(C)(C)NC(=O)Cc1ccc(S(=O)(=O)Nc2ccccc2)cc1)c1ccccc1,0,0.0000000,0.0000,0.0000000,0.0000,117
3.4211,28.0435,38.5313,0.5201150,COc1ccc(CC(=O)OCC(=O)Nc2ccc(S(=O)(=O)Nc3ccccc3)cc2)cc1,1,0.4805096,0.4805,0.5629848,-7.6100,117
8.6514,44.3223,20.2043,0.5041144,CC(=O)Nc1cccc(CC(=O)OCC(=O)Nc2ccc(S(=O)(=O)Nc3ccccc3)cc2)c1Br,1,0.3402423,0.3402,0.7469128,-7.9700,118
4.4789,29.9435,72.1310,0.7974566,CN(C(=O)Cn1nnc2ccccc21)c1ccc(S(=O)(=O)N2CCCCC2)cc1,1,0.6402366,0.6402,0.9932846,-9.6700,118
14.1164,52.1133,23.4277,0.5901634,CN(CC1CCCCN1C(=O)Cc1ccc(S(=O)(=O)Nc2ccccc2)cc1)c1ccc(S(=O)(=O)N2CCCCC2)cc1,1,0.3499599,0.3500,0.9952365,-9.8200,118
2.8958,24.6567,28.4799,0.4151297,COc1ccc(CC(=O)OCC(=O)Nc2ccc(S(=O)(=O)N(C)C)cc2)cc1,1,0.6693455,0.6693,0.2574645,-7.0400,118
17.0840,74.5988,-26.4417,0.3762267,CC(=O)Nc1ccc(C(=O)NC(Cc2ccc(S(=O)(=O)N3CCCCC3)cc2)C2Cc3ccccc3C2Cc2ccccc2)cc1[N+](=O)[O-],1,0.1415486,0.1415,0.9999859,-12.3500,119
2.9692,36.1907,46.1500,0.6432868,CN(CCCNC(=O)Nc1ccccc1)c1cccc(S(=O)(=O)Nc2ccccc2)c1,1,0.4381853,0.4382,0.9443901,-8.7300,119
11.8946,36.4610,65.0579,0.7931164,CN(CCc1ccccc1Br)c1ccc(S(=O)(=O)N2CCCCC2)cc1,1,0.6767507,0.6768,0.9294909,-8.6200,119
7.4843,35.3663,50.0313,0.6671686,COc1ccc(C(=O)NCCN(C)c2ccc(S(=O)(=O)N3CCCC3)cc2)cc1,1,0.7133217,0.7133,0.6240016,-7.7200,119
